rownum,artmonthyear,counts,artmont,artyear,artyearnum,artmontnum
1,Jan   1851,0,Jan,1851,1851,1
166,Feb   1851,0,Feb,1851,1851,2
331,Mar   1851,0,Mar,1851,1851,3
496,Apr   1851,0,Apr,1851,1851,4
661,May   1851,0,May,1851,1851,5
826,Jun   1851,0,Jun,1851,1851,6
991,Jul   1851,0,Jul,1851,1851,7
1156,Aug   1851,0,Aug,1851,1851,8
1321,Sep   1851,2,Sep,1851,1851,9
1486,Oct   1851,1,Oct,1851,1851,10
1651,Nov   1851,2,Nov,1851,1851,11
1816,Dec   1851,1,Dec,1851,1851,12
2,Jan   1852,4,Jan,1852,1852,1
167,Feb   1852,1,Feb,1852,1852,2
332,Mar   1852,1,Mar,1852,1852,3
497,Apr   1852,2,Apr,1852,1852,4
662,May   1852,2,May,1852,1852,5
827,Jun   1852,0,Jun,1852,1852,6
992,Jul   1852,1,Jul,1852,1852,7
1157,Aug   1852,1,Aug,1852,1852,8
1322,Sep   1852,2,Sep,1852,1852,9
1487,Oct   1852,2,Oct,1852,1852,10
1652,Nov   1852,4,Nov,1852,1852,11
1817,Dec   1852,1,Dec,1852,1852,12
3,Jan   1853,1,Jan,1853,1853,1
168,Feb   1853,2,Feb,1853,1853,2
333,Mar   1853,3,Mar,1853,1853,3
498,Apr   1853,4,Apr,1853,1853,4
663,May   1853,2,May,1853,1853,5
828,Jun   1853,0,Jun,1853,1853,6
993,Jul   1853,2,Jul,1853,1853,7
1158,Aug   1853,0,Aug,1853,1853,8
1323,Sep   1853,1,Sep,1853,1853,9
1488,Oct   1853,0,Oct,1853,1853,10
1653,Nov   1853,1,Nov,1853,1853,11
1818,Dec   1853,0,Dec,1853,1853,12
4,Jan   1854,0,Jan,1854,1854,1
169,Feb   1854,1,Feb,1854,1854,2
334,Mar   1854,1,Mar,1854,1854,3
499,Apr   1854,0,Apr,1854,1854,4
664,May   1854,0,May,1854,1854,5
829,Jun   1854,3,Jun,1854,1854,6
994,Jul   1854,1,Jul,1854,1854,7
1159,Aug   1854,0,Aug,1854,1854,8
1324,Sep   1854,0,Sep,1854,1854,9
1489,Oct   1854,0,Oct,1854,1854,10
1654,Nov   1854,0,Nov,1854,1854,11
1819,Dec   1854,0,Dec,1854,1854,12
5,Jan   1855,2,Jan,1855,1855,1
170,Feb   1855,3,Feb,1855,1855,2
335,Mar   1855,1,Mar,1855,1855,3
500,Apr   1855,0,Apr,1855,1855,4
665,May   1855,3,May,1855,1855,5
830,Jun   1855,1,Jun,1855,1855,6
995,Jul   1855,1,Jul,1855,1855,7
1160,Aug   1855,2,Aug,1855,1855,8
1325,Sep   1855,0,Sep,1855,1855,9
1490,Oct   1855,0,Oct,1855,1855,10
1655,Nov   1855,3,Nov,1855,1855,11
1820,Dec   1855,1,Dec,1855,1855,12
6,Jan   1856,3,Jan,1856,1856,1
171,Feb   1856,2,Feb,1856,1856,2
336,Mar   1856,2,Mar,1856,1856,3
501,Apr   1856,0,Apr,1856,1856,4
666,May   1856,0,May,1856,1856,5
831,Jun   1856,2,Jun,1856,1856,6
996,Jul   1856,0,Jul,1856,1856,7
1161,Aug   1856,1,Aug,1856,1856,8
1326,Sep   1856,1,Sep,1856,1856,9
1491,Oct   1856,0,Oct,1856,1856,10
1656,Nov   1856,2,Nov,1856,1856,11
1821,Dec   1856,0,Dec,1856,1856,12
7,Jan   1857,0,Jan,1857,1857,1
172,Feb   1857,1,Feb,1857,1857,2
337,Mar   1857,1,Mar,1857,1857,3
502,Apr   1857,0,Apr,1857,1857,4
667,May   1857,1,May,1857,1857,5
832,Jun   1857,1,Jun,1857,1857,6
997,Jul   1857,1,Jul,1857,1857,7
1162,Aug   1857,0,Aug,1857,1857,8
1327,Sep   1857,1,Sep,1857,1857,9
1492,Oct   1857,0,Oct,1857,1857,10
1657,Nov   1857,1,Nov,1857,1857,11
1822,Dec   1857,5,Dec,1857,1857,12
8,Jan   1858,2,Jan,1858,1858,1
173,Feb   1858,1,Feb,1858,1858,2
338,Mar   1858,0,Mar,1858,1858,3
503,Apr   1858,1,Apr,1858,1858,4
668,May   1858,4,May,1858,1858,5
833,Jun   1858,1,Jun,1858,1858,6
998,Jul   1858,8,Jul,1858,1858,7
1163,Aug   1858,2,Aug,1858,1858,8
1328,Sep   1858,0,Sep,1858,1858,9
1493,Oct   1858,1,Oct,1858,1858,10
1658,Nov   1858,1,Nov,1858,1858,11
1823,Dec   1858,0,Dec,1858,1858,12
9,Jan   1859,5,Jan,1859,1859,1
174,Feb   1859,9,Feb,1859,1859,2
339,Mar   1859,2,Mar,1859,1859,3
504,Apr   1859,0,Apr,1859,1859,4
669,May   1859,2,May,1859,1859,5
834,Jun   1859,3,Jun,1859,1859,6
999,Jul   1859,2,Jul,1859,1859,7
1164,Aug   1859,5,Aug,1859,1859,8
1329,Sep   1859,1,Sep,1859,1859,9
1494,Oct   1859,1,Oct,1859,1859,10
1659,Nov   1859,0,Nov,1859,1859,11
1824,Dec   1859,1,Dec,1859,1859,12
10,Jan   1860,1,Jan,1860,1860,1
175,Feb   1860,5,Feb,1860,1860,2
340,Mar   1860,2,Mar,1860,1860,3
505,Apr   1860,4,Apr,1860,1860,4
670,May   1860,1,May,1860,1860,5
835,Jun   1860,5,Jun,1860,1860,6
1000,Jul   1860,3,Jul,1860,1860,7
1165,Aug   1860,2,Aug,1860,1860,8
1330,Sep   1860,0,Sep,1860,1860,9
1495,Oct   1860,1,Oct,1860,1860,10
1660,Nov   1860,1,Nov,1860,1860,11
1825,Dec   1860,1,Dec,1860,1860,12
11,Jan   1861,4,Jan,1861,1861,1
176,Feb   1861,3,Feb,1861,1861,2
341,Mar   1861,0,Mar,1861,1861,3
506,Apr   1861,0,Apr,1861,1861,4
671,May   1861,1,May,1861,1861,5
836,Jun   1861,6,Jun,1861,1861,6
1001,Jul   1861,6,Jul,1861,1861,7
1166,Aug   1861,7,Aug,1861,1861,8
1331,Sep   1861,10,Sep,1861,1861,9
1496,Oct   1861,2,Oct,1861,1861,10
1661,Nov   1861,0,Nov,1861,1861,11
1826,Dec   1861,3,Dec,1861,1861,12
12,Jan   1862,6,Jan,1862,1862,1
177,Feb   1862,7,Feb,1862,1862,2
342,Mar   1862,7,Mar,1862,1862,3
507,Apr   1862,2,Apr,1862,1862,4
672,May   1862,3,May,1862,1862,5
837,Jun   1862,7,Jun,1862,1862,6
1002,Jul   1862,2,Jul,1862,1862,7
1167,Aug   1862,10,Aug,1862,1862,8
1332,Sep   1862,2,Sep,1862,1862,9
1497,Oct   1862,5,Oct,1862,1862,10
1662,Nov   1862,2,Nov,1862,1862,11
1827,Dec   1862,3,Dec,1862,1862,12
13,Jan   1863,10,Jan,1863,1863,1
178,Feb   1863,3,Feb,1863,1863,2
343,Mar   1863,4,Mar,1863,1863,3
508,Apr   1863,4,Apr,1863,1863,4
673,May   1863,2,May,1863,1863,5
838,Jun   1863,0,Jun,1863,1863,6
1003,Jul   1863,1,Jul,1863,1863,7
1168,Aug   1863,5,Aug,1863,1863,8
1333,Sep   1863,3,Sep,1863,1863,9
1498,Oct   1863,5,Oct,1863,1863,10
1663,Nov   1863,1,Nov,1863,1863,11
1828,Dec   1863,3,Dec,1863,1863,12
14,Jan   1864,6,Jan,1864,1864,1
179,Feb   1864,5,Feb,1864,1864,2
344,Mar   1864,5,Mar,1864,1864,3
509,Apr   1864,13,Apr,1864,1864,4
674,May   1864,3,May,1864,1864,5
839,Jun   1864,2,Jun,1864,1864,6
1004,Jul   1864,3,Jul,1864,1864,7
1169,Aug   1864,9,Aug,1864,1864,8
1334,Sep   1864,7,Sep,1864,1864,9
1499,Oct   1864,6,Oct,1864,1864,10
1664,Nov   1864,8,Nov,1864,1864,11
1829,Dec   1864,9,Dec,1864,1864,12
15,Jan   1865,3,Jan,1865,1865,1
180,Feb   1865,6,Feb,1865,1865,2
345,Mar   1865,6,Mar,1865,1865,3
510,Apr   1865,5,Apr,1865,1865,4
675,May   1865,12,May,1865,1865,5
840,Jun   1865,17,Jun,1865,1865,6
1005,Jul   1865,19,Jul,1865,1865,7
1170,Aug   1865,21,Aug,1865,1865,8
1335,Sep   1865,15,Sep,1865,1865,9
1500,Oct   1865,14,Oct,1865,1865,10
1665,Nov   1865,16,Nov,1865,1865,11
1830,Dec   1865,15,Dec,1865,1865,12
16,Jan   1866,15,Jan,1866,1866,1
181,Feb   1866,8,Feb,1866,1866,2
346,Mar   1866,14,Mar,1866,1866,3
511,Apr   1866,5,Apr,1866,1866,4
676,May   1866,16,May,1866,1866,5
841,Jun   1866,4,Jun,1866,1866,6
1006,Jul   1866,11,Jul,1866,1866,7
1171,Aug   1866,12,Aug,1866,1866,8
1336,Sep   1866,0,Sep,1866,1866,9
1501,Oct   1866,4,Oct,1866,1866,10
1666,Nov   1866,11,Nov,1866,1866,11
1831,Dec   1866,2,Dec,1866,1866,12
17,Jan   1867,9,Jan,1867,1867,1
182,Feb   1867,5,Feb,1867,1867,2
347,Mar   1867,12,Mar,1867,1867,3
512,Apr   1867,9,Apr,1867,1867,4
677,May   1867,10,May,1867,1867,5
842,Jun   1867,11,Jun,1867,1867,6
1007,Jul   1867,5,Jul,1867,1867,7
1172,Aug   1867,9,Aug,1867,1867,8
1337,Sep   1867,10,Sep,1867,1867,9
1502,Oct   1867,20,Oct,1867,1867,10
1667,Nov   1867,9,Nov,1867,1867,11
1832,Dec   1867,10,Dec,1867,1867,12
18,Jan   1868,12,Jan,1868,1868,1
183,Feb   1868,12,Feb,1868,1868,2
348,Mar   1868,9,Mar,1868,1868,3
513,Apr   1868,7,Apr,1868,1868,4
678,May   1868,12,May,1868,1868,5
843,Jun   1868,9,Jun,1868,1868,6
1008,Jul   1868,27,Jul,1868,1868,7
1173,Aug   1868,17,Aug,1868,1868,8
1338,Sep   1868,14,Sep,1868,1868,9
1503,Oct   1868,13,Oct,1868,1868,10
1668,Nov   1868,3,Nov,1868,1868,11
1833,Dec   1868,13,Dec,1868,1868,12
19,Jan   1869,10,Jan,1869,1869,1
184,Feb   1869,5,Feb,1869,1869,2
349,Mar   1869,1,Mar,1869,1869,3
514,Apr   1869,1,Apr,1869,1869,4
679,May   1869,9,May,1869,1869,5
844,Jun   1869,2,Jun,1869,1869,6
1009,Jul   1869,4,Jul,1869,1869,7
1174,Aug   1869,2,Aug,1869,1869,8
1339,Sep   1869,4,Sep,1869,1869,9
1504,Oct   1869,5,Oct,1869,1869,10
1669,Nov   1869,3,Nov,1869,1869,11
1834,Dec   1869,8,Dec,1869,1869,12
20,Jan   1870,14,Jan,1870,1870,1
185,Feb   1870,1,Feb,1870,1870,2
350,Mar   1870,4,Mar,1870,1870,3
515,Apr   1870,6,Apr,1870,1870,4
680,May   1870,5,May,1870,1870,5
845,Jun   1870,8,Jun,1870,1870,6
1010,Jul   1870,5,Jul,1870,1870,7
1175,Aug   1870,3,Aug,1870,1870,8
1340,Sep   1870,5,Sep,1870,1870,9
1505,Oct   1870,8,Oct,1870,1870,10
1670,Nov   1870,5,Nov,1870,1870,11
1835,Dec   1870,7,Dec,1870,1870,12
21,Jan   1871,3,Jan,1871,1871,1
186,Feb   1871,8,Feb,1871,1871,2
351,Mar   1871,17,Mar,1871,1871,3
516,Apr   1871,10,Apr,1871,1871,4
681,May   1871,18,May,1871,1871,5
846,Jun   1871,12,Jun,1871,1871,6
1011,Jul   1871,5,Jul,1871,1871,7
1176,Aug   1871,19,Aug,1871,1871,8
1341,Sep   1871,10,Sep,1871,1871,9
1506,Oct   1871,6,Oct,1871,1871,10
1671,Nov   1871,10,Nov,1871,1871,11
1836,Dec   1871,6,Dec,1871,1871,12
22,Jan   1872,10,Jan,1872,1872,1
187,Feb   1872,10,Feb,1872,1872,2
352,Mar   1872,9,Mar,1872,1872,3
517,Apr   1872,15,Apr,1872,1872,4
682,May   1872,22,May,1872,1872,5
847,Jun   1872,9,Jun,1872,1872,6
1012,Jul   1872,15,Jul,1872,1872,7
1177,Aug   1872,15,Aug,1872,1872,8
1342,Sep   1872,8,Sep,1872,1872,9
1507,Oct   1872,9,Oct,1872,1872,10
1672,Nov   1872,1,Nov,1872,1872,11
1837,Dec   1872,2,Dec,1872,1872,12
23,Jan   1873,4,Jan,1873,1873,1
188,Feb   1873,3,Feb,1873,1873,2
353,Mar   1873,3,Mar,1873,1873,3
518,Apr   1873,6,Apr,1873,1873,4
683,May   1873,0,May,1873,1873,5
848,Jun   1873,3,Jun,1873,1873,6
1013,Jul   1873,4,Jul,1873,1873,7
1178,Aug   1873,7,Aug,1873,1873,8
1343,Sep   1873,3,Sep,1873,1873,9
1508,Oct   1873,9,Oct,1873,1873,10
1673,Nov   1873,3,Nov,1873,1873,11
1838,Dec   1873,6,Dec,1873,1873,12
24,Jan   1874,5,Jan,1874,1874,1
189,Feb   1874,3,Feb,1874,1874,2
354,Mar   1874,2,Mar,1874,1874,3
519,Apr   1874,7,Apr,1874,1874,4
684,May   1874,3,May,1874,1874,5
849,Jun   1874,6,Jun,1874,1874,6
1014,Jul   1874,5,Jul,1874,1874,7
1179,Aug   1874,4,Aug,1874,1874,8
1344,Sep   1874,8,Sep,1874,1874,9
1509,Oct   1874,12,Oct,1874,1874,10
1674,Nov   1874,0,Nov,1874,1874,11
1839,Dec   1874,5,Dec,1874,1874,12
25,Jan   1875,2,Jan,1875,1875,1
190,Feb   1875,4,Feb,1875,1875,2
355,Mar   1875,3,Mar,1875,1875,3
520,Apr   1875,3,Apr,1875,1875,4
685,May   1875,4,May,1875,1875,5
850,Jun   1875,0,Jun,1875,1875,6
1015,Jul   1875,4,Jul,1875,1875,7
1180,Aug   1875,10,Aug,1875,1875,8
1345,Sep   1875,18,Sep,1875,1875,9
1510,Oct   1875,2,Oct,1875,1875,10
1675,Nov   1875,3,Nov,1875,1875,11
1840,Dec   1875,3,Dec,1875,1875,12
26,Jan   1876,6,Jan,1876,1876,1
191,Feb   1876,12,Feb,1876,1876,2
356,Mar   1876,5,Mar,1876,1876,3
521,Apr   1876,3,Apr,1876,1876,4
686,May   1876,2,May,1876,1876,5
851,Jun   1876,4,Jun,1876,1876,6
1016,Jul   1876,9,Jul,1876,1876,7
1181,Aug   1876,7,Aug,1876,1876,8
1346,Sep   1876,11,Sep,1876,1876,9
1511,Oct   1876,13,Oct,1876,1876,10
1676,Nov   1876,10,Nov,1876,1876,11
1841,Dec   1876,1,Dec,1876,1876,12
27,Jan   1877,0,Jan,1877,1877,1
192,Feb   1877,0,Feb,1877,1877,2
357,Mar   1877,3,Mar,1877,1877,3
522,Apr   1877,1,Apr,1877,1877,4
687,May   1877,4,May,1877,1877,5
852,Jun   1877,2,Jun,1877,1877,6
1017,Jul   1877,1,Jul,1877,1877,7
1182,Aug   1877,4,Aug,1877,1877,8
1347,Sep   1877,6,Sep,1877,1877,9
1512,Oct   1877,3,Oct,1877,1877,10
1677,Nov   1877,2,Nov,1877,1877,11
1842,Dec   1877,5,Dec,1877,1877,12
28,Jan   1878,16,Jan,1878,1878,1
193,Feb   1878,13,Feb,1878,1878,2
358,Mar   1878,10,Mar,1878,1878,3
523,Apr   1878,8,Apr,1878,1878,4
688,May   1878,5,May,1878,1878,5
853,Jun   1878,4,Jun,1878,1878,6
1018,Jul   1878,3,Jul,1878,1878,7
1183,Aug   1878,8,Aug,1878,1878,8
1348,Sep   1878,9,Sep,1878,1878,9
1513,Oct   1878,6,Oct,1878,1878,10
1678,Nov   1878,2,Nov,1878,1878,11
1843,Dec   1878,1,Dec,1878,1878,12
29,Jan   1879,13,Jan,1879,1879,1
194,Feb   1879,3,Feb,1879,1879,2
359,Mar   1879,5,Mar,1879,1879,3
524,Apr   1879,4,Apr,1879,1879,4
689,May   1879,6,May,1879,1879,5
854,Jun   1879,2,Jun,1879,1879,6
1019,Jul   1879,8,Jul,1879,1879,7
1184,Aug   1879,5,Aug,1879,1879,8
1349,Sep   1879,4,Sep,1879,1879,9
1514,Oct   1879,3,Oct,1879,1879,10
1679,Nov   1879,4,Nov,1879,1879,11
1844,Dec   1879,11,Dec,1879,1879,12
30,Jan   1880,14,Jan,1880,1880,1
195,Feb   1880,8,Feb,1880,1880,2
360,Mar   1880,10,Mar,1880,1880,3
525,Apr   1880,8,Apr,1880,1880,4
690,May   1880,15,May,1880,1880,5
855,Jun   1880,4,Jun,1880,1880,6
1020,Jul   1880,4,Jul,1880,1880,7
1185,Aug   1880,9,Aug,1880,1880,8
1350,Sep   1880,9,Sep,1880,1880,9
1515,Oct   1880,7,Oct,1880,1880,10
1680,Nov   1880,4,Nov,1880,1880,11
1845,Dec   1880,10,Dec,1880,1880,12
31,Jan   1881,7,Jan,1881,1881,1
196,Feb   1881,4,Feb,1881,1881,2
361,Mar   1881,9,Mar,1881,1881,3
526,Apr   1881,4,Apr,1881,1881,4
691,May   1881,1,May,1881,1881,5
856,Jun   1881,0,Jun,1881,1881,6
1021,Jul   1881,5,Jul,1881,1881,7
1186,Aug   1881,4,Aug,1881,1881,8
1351,Sep   1881,3,Sep,1881,1881,9
1516,Oct   1881,6,Oct,1881,1881,10
1681,Nov   1881,5,Nov,1881,1881,11
1846,Dec   1881,3,Dec,1881,1881,12
32,Jan   1882,5,Jan,1882,1882,1
197,Feb   1882,5,Feb,1882,1882,2
362,Mar   1882,5,Mar,1882,1882,3
527,Apr   1882,7,Apr,1882,1882,4
692,May   1882,10,May,1882,1882,5
857,Jun   1882,3,Jun,1882,1882,6
1022,Jul   1882,1,Jul,1882,1882,7
1187,Aug   1882,6,Aug,1882,1882,8
1352,Sep   1882,3,Sep,1882,1882,9
1517,Oct   1882,6,Oct,1882,1882,10
1682,Nov   1882,4,Nov,1882,1882,11
1847,Dec   1882,7,Dec,1882,1882,12
33,Jan   1883,1,Jan,1883,1883,1
198,Feb   1883,3,Feb,1883,1883,2
363,Mar   1883,2,Mar,1883,1883,3
528,Apr   1883,2,Apr,1883,1883,4
693,May   1883,4,May,1883,1883,5
858,Jun   1883,7,Jun,1883,1883,6
1023,Jul   1883,4,Jul,1883,1883,7
1188,Aug   1883,8,Aug,1883,1883,8
1353,Sep   1883,6,Sep,1883,1883,9
1518,Oct   1883,2,Oct,1883,1883,10
1683,Nov   1883,5,Nov,1883,1883,11
1848,Dec   1883,6,Dec,1883,1883,12
34,Jan   1884,4,Jan,1884,1884,1
199,Feb   1884,4,Feb,1884,1884,2
364,Mar   1884,3,Mar,1884,1884,3
529,Apr   1884,3,Apr,1884,1884,4
694,May   1884,6,May,1884,1884,5
859,Jun   1884,0,Jun,1884,1884,6
1024,Jul   1884,2,Jul,1884,1884,7
1189,Aug   1884,4,Aug,1884,1884,8
1354,Sep   1884,4,Sep,1884,1884,9
1519,Oct   1884,4,Oct,1884,1884,10
1684,Nov   1884,3,Nov,1884,1884,11
1849,Dec   1884,4,Dec,1884,1884,12
35,Jan   1885,2,Jan,1885,1885,1
200,Feb   1885,2,Feb,1885,1885,2
365,Mar   1885,0,Mar,1885,1885,3
530,Apr   1885,1,Apr,1885,1885,4
695,May   1885,2,May,1885,1885,5
860,Jun   1885,2,Jun,1885,1885,6
1025,Jul   1885,5,Jul,1885,1885,7
1190,Aug   1885,0,Aug,1885,1885,8
1355,Sep   1885,1,Sep,1885,1885,9
1520,Oct   1885,0,Oct,1885,1885,10
1685,Nov   1885,1,Nov,1885,1885,11
1850,Dec   1885,5,Dec,1885,1885,12
36,Jan   1886,3,Jan,1886,1886,1
201,Feb   1886,2,Feb,1886,1886,2
366,Mar   1886,2,Mar,1886,1886,3
531,Apr   1886,6,Apr,1886,1886,4
696,May   1886,2,May,1886,1886,5
861,Jun   1886,2,Jun,1886,1886,6
1026,Jul   1886,3,Jul,1886,1886,7
1191,Aug   1886,3,Aug,1886,1886,8
1356,Sep   1886,3,Sep,1886,1886,9
1521,Oct   1886,4,Oct,1886,1886,10
1686,Nov   1886,2,Nov,1886,1886,11
1851,Dec   1886,1,Dec,1886,1886,12
37,Jan   1887,6,Jan,1887,1887,1
202,Feb   1887,4,Feb,1887,1887,2
367,Mar   1887,2,Mar,1887,1887,3
532,Apr   1887,1,Apr,1887,1887,4
697,May   1887,3,May,1887,1887,5
862,Jun   1887,3,Jun,1887,1887,6
1027,Jul   1887,7,Jul,1887,1887,7
1192,Aug   1887,1,Aug,1887,1887,8
1357,Sep   1887,2,Sep,1887,1887,9
1522,Oct   1887,2,Oct,1887,1887,10
1687,Nov   1887,2,Nov,1887,1887,11
1852,Dec   1887,6,Dec,1887,1887,12
38,Jan   1888,2,Jan,1888,1888,1
203,Feb   1888,0,Feb,1888,1888,2
368,Mar   1888,7,Mar,1888,1888,3
533,Apr   1888,1,Apr,1888,1888,4
698,May   1888,2,May,1888,1888,5
863,Jun   1888,4,Jun,1888,1888,6
1028,Jul   1888,3,Jul,1888,1888,7
1193,Aug   1888,4,Aug,1888,1888,8
1358,Sep   1888,3,Sep,1888,1888,9
1523,Oct   1888,3,Oct,1888,1888,10
1688,Nov   1888,0,Nov,1888,1888,11
1853,Dec   1888,1,Dec,1888,1888,12
39,Jan   1889,0,Jan,1889,1889,1
204,Feb   1889,0,Feb,1889,1889,2
369,Mar   1889,0,Mar,1889,1889,3
534,Apr   1889,1,Apr,1889,1889,4
699,May   1889,0,May,1889,1889,5
864,Jun   1889,1,Jun,1889,1889,6
1029,Jul   1889,2,Jul,1889,1889,7
1194,Aug   1889,2,Aug,1889,1889,8
1359,Sep   1889,2,Sep,1889,1889,9
1524,Oct   1889,1,Oct,1889,1889,10
1689,Nov   1889,2,Nov,1889,1889,11
1854,Dec   1889,2,Dec,1889,1889,12
40,Jan   1890,0,Jan,1890,1890,1
205,Feb   1890,2,Feb,1890,1890,2
370,Mar   1890,0,Mar,1890,1890,3
535,Apr   1890,5,Apr,1890,1890,4
700,May   1890,1,May,1890,1890,5
865,Jun   1890,0,Jun,1890,1890,6
1030,Jul   1890,6,Jul,1890,1890,7
1195,Aug   1890,2,Aug,1890,1890,8
1360,Sep   1890,1,Sep,1890,1890,9
1525,Oct   1890,0,Oct,1890,1890,10
1690,Nov   1890,1,Nov,1890,1890,11
1855,Dec   1890,1,Dec,1890,1890,12
41,Jan   1891,4,Jan,1891,1891,1
206,Feb   1891,0,Feb,1891,1891,2
371,Mar   1891,2,Mar,1891,1891,3
536,Apr   1891,2,Apr,1891,1891,4
701,May   1891,3,May,1891,1891,5
866,Jun   1891,4,Jun,1891,1891,6
1031,Jul   1891,3,Jul,1891,1891,7
1196,Aug   1891,4,Aug,1891,1891,8
1361,Sep   1891,1,Sep,1891,1891,9
1526,Oct   1891,0,Oct,1891,1891,10
1691,Nov   1891,0,Nov,1891,1891,11
1856,Dec   1891,1,Dec,1891,1891,12
42,Jan   1892,5,Jan,1892,1892,1
207,Feb   1892,2,Feb,1892,1892,2
372,Mar   1892,1,Mar,1892,1892,3
537,Apr   1892,2,Apr,1892,1892,4
702,May   1892,2,May,1892,1892,5
867,Jun   1892,6,Jun,1892,1892,6
1032,Jul   1892,1,Jul,1892,1892,7
1197,Aug   1892,2,Aug,1892,1892,8
1362,Sep   1892,2,Sep,1892,1892,9
1527,Oct   1892,2,Oct,1892,1892,10
1692,Nov   1892,3,Nov,1892,1892,11
1857,Dec   1892,4,Dec,1892,1892,12
43,Jan   1893,6,Jan,1893,1893,1
208,Feb   1893,6,Feb,1893,1893,2
373,Mar   1893,1,Mar,1893,1893,3
538,Apr   1893,2,Apr,1893,1893,4
703,May   1893,0,May,1893,1893,5
868,Jun   1893,5,Jun,1893,1893,6
1033,Jul   1893,6,Jul,1893,1893,7
1198,Aug   1893,6,Aug,1893,1893,8
1363,Sep   1893,6,Sep,1893,1893,9
1528,Oct   1893,4,Oct,1893,1893,10
1693,Nov   1893,2,Nov,1893,1893,11
1858,Dec   1893,2,Dec,1893,1893,12
44,Jan   1894,5,Jan,1894,1894,1
209,Feb   1894,1,Feb,1894,1894,2
374,Mar   1894,2,Mar,1894,1894,3
539,Apr   1894,1,Apr,1894,1894,4
704,May   1894,4,May,1894,1894,5
869,Jun   1894,2,Jun,1894,1894,6
1034,Jul   1894,2,Jul,1894,1894,7
1199,Aug   1894,1,Aug,1894,1894,8
1364,Sep   1894,2,Sep,1894,1894,9
1529,Oct   1894,2,Oct,1894,1894,10
1694,Nov   1894,3,Nov,1894,1894,11
1859,Dec   1894,4,Dec,1894,1894,12
45,Jan   1895,10,Jan,1895,1895,1
210,Feb   1895,15,Feb,1895,1895,2
375,Mar   1895,1,Mar,1895,1895,3
540,Apr   1895,1,Apr,1895,1895,4
705,May   1895,4,May,1895,1895,5
870,Jun   1895,2,Jun,1895,1895,6
1035,Jul   1895,2,Jul,1895,1895,7
1200,Aug   1895,1,Aug,1895,1895,8
1365,Sep   1895,7,Sep,1895,1895,9
1530,Oct   1895,4,Oct,1895,1895,10
1695,Nov   1895,2,Nov,1895,1895,11
1860,Dec   1895,3,Dec,1895,1895,12
46,Jan   1896,5,Jan,1896,1896,1
211,Feb   1896,6,Feb,1896,1896,2
376,Mar   1896,9,Mar,1896,1896,3
541,Apr   1896,7,Apr,1896,1896,4
706,May   1896,1,May,1896,1896,5
871,Jun   1896,5,Jun,1896,1896,6
1036,Jul   1896,9,Jul,1896,1896,7
1201,Aug   1896,6,Aug,1896,1896,8
1366,Sep   1896,6,Sep,1896,1896,9
1531,Oct   1896,3,Oct,1896,1896,10
1696,Nov   1896,5,Nov,1896,1896,11
1861,Dec   1896,1,Dec,1896,1896,12
47,Jan   1897,7,Jan,1897,1897,1
212,Feb   1897,3,Feb,1897,1897,2
377,Mar   1897,2,Mar,1897,1897,3
542,Apr   1897,3,Apr,1897,1897,4
707,May   1897,3,May,1897,1897,5
872,Jun   1897,5,Jun,1897,1897,6
1037,Jul   1897,0,Jul,1897,1897,7
1202,Aug   1897,1,Aug,1897,1897,8
1367,Sep   1897,1,Sep,1897,1897,9
1532,Oct   1897,3,Oct,1897,1897,10
1697,Nov   1897,0,Nov,1897,1897,11
1862,Dec   1897,3,Dec,1897,1897,12
48,Jan   1898,3,Jan,1898,1898,1
213,Feb   1898,5,Feb,1898,1898,2
378,Mar   1898,5,Mar,1898,1898,3
543,Apr   1898,2,Apr,1898,1898,4
708,May   1898,5,May,1898,1898,5
873,Jun   1898,2,Jun,1898,1898,6
1038,Jul   1898,3,Jul,1898,1898,7
1203,Aug   1898,2,Aug,1898,1898,8
1368,Sep   1898,0,Sep,1898,1898,9
1533,Oct   1898,3,Oct,1898,1898,10
1698,Nov   1898,3,Nov,1898,1898,11
1863,Dec   1898,1,Dec,1898,1898,12
49,Jan   1899,3,Jan,1899,1899,1
214,Feb   1899,4,Feb,1899,1899,2
379,Mar   1899,4,Mar,1899,1899,3
544,Apr   1899,3,Apr,1899,1899,4
709,May   1899,1,May,1899,1899,5
874,Jun   1899,1,Jun,1899,1899,6
1039,Jul   1899,3,Jul,1899,1899,7
1204,Aug   1899,1,Aug,1899,1899,8
1369,Sep   1899,3,Sep,1899,1899,9
1534,Oct   1899,5,Oct,1899,1899,10
1699,Nov   1899,2,Nov,1899,1899,11
1864,Dec   1899,8,Dec,1899,1899,12
50,Jan   1900,2,Jan,1900,1900,1
215,Feb   1900,7,Feb,1900,1900,2
380,Mar   1900,6,Mar,1900,1900,3
545,Apr   1900,0,Apr,1900,1900,4
710,May   1900,0,May,1900,1900,5
875,Jun   1900,2,Jun,1900,1900,6
1040,Jul   1900,3,Jul,1900,1900,7
1205,Aug   1900,5,Aug,1900,1900,8
1370,Sep   1900,4,Sep,1900,1900,9
1535,Oct   1900,9,Oct,1900,1900,10
1700,Nov   1900,2,Nov,1900,1900,11
1865,Dec   1900,2,Dec,1900,1900,12
51,Jan   1901,4,Jan,1901,1901,1
216,Feb   1901,6,Feb,1901,1901,2
381,Mar   1901,3,Mar,1901,1901,3
546,Apr   1901,4,Apr,1901,1901,4
711,May   1901,1,May,1901,1901,5
876,Jun   1901,5,Jun,1901,1901,6
1041,Jul   1901,4,Jul,1901,1901,7
1206,Aug   1901,2,Aug,1901,1901,8
1371,Sep   1901,4,Sep,1901,1901,9
1536,Oct   1901,3,Oct,1901,1901,10
1701,Nov   1901,0,Nov,1901,1901,11
1866,Dec   1901,2,Dec,1901,1901,12
52,Jan   1902,2,Jan,1902,1902,1
217,Feb   1902,2,Feb,1902,1902,2
382,Mar   1902,2,Mar,1902,1902,3
547,Apr   1902,3,Apr,1902,1902,4
712,May   1902,1,May,1902,1902,5
877,Jun   1902,4,Jun,1902,1902,6
1042,Jul   1902,2,Jul,1902,1902,7
1207,Aug   1902,1,Aug,1902,1902,8
1372,Sep   1902,6,Sep,1902,1902,9
1537,Oct   1902,2,Oct,1902,1902,10
1702,Nov   1902,3,Nov,1902,1902,11
1867,Dec   1902,3,Dec,1902,1902,12
53,Jan   1903,5,Jan,1903,1903,1
218,Feb   1903,2,Feb,1903,1903,2
383,Mar   1903,4,Mar,1903,1903,3
548,Apr   1903,4,Apr,1903,1903,4
713,May   1903,4,May,1903,1903,5
878,Jun   1903,1,Jun,1903,1903,6
1043,Jul   1903,2,Jul,1903,1903,7
1208,Aug   1903,2,Aug,1903,1903,8
1373,Sep   1903,3,Sep,1903,1903,9
1538,Oct   1903,1,Oct,1903,1903,10
1703,Nov   1903,3,Nov,1903,1903,11
1868,Dec   1903,0,Dec,1903,1903,12
54,Jan-04,1,Jan,1904,1904,1
219,Feb-04,3,Feb,1904,1904,2
384,Mar-04,1,Mar,1904,1904,3
549,Apr-04,5,Apr,1904,1904,4
714,May-04,2,May,1904,1904,5
879,Jun-04,0,Jun,1904,1904,6
1044,Jul-04,0,Jul,1904,1904,7
1209,Aug-04,2,Aug,1904,1904,8
1374,Sep-04,4,Sep,1904,1904,9
1539,Oct-04,5,Oct,1904,1904,10
1704,Nov-04,2,Nov,1904,1904,11
1869,Dec-04,1,Dec,1904,1904,12
55,Jan-05,3,Jan,1905,1905,1
220,Feb-05,1,Feb,1905,1905,2
385,Mar-05,2,Mar,1905,1905,3
550,Apr-05,2,Apr,1905,1905,4
715,May-05,0,May,1905,1905,5
880,Jun-05,3,Jun,1905,1905,6
1045,Jul-05,1,Jul,1905,1905,7
1210,Aug-05,5,Aug,1905,1905,8
1375,Sep-05,2,Sep,1905,1905,9
1540,Oct-05,1,Oct,1905,1905,10
1705,Nov-05,1,Nov,1905,1905,11
1870,Dec-05,0,Dec,1905,1905,12
56,Jan-06,2,Jan,1906,1906,1
221,Feb-06,2,Feb,1906,1906,2
386,Mar-06,2,Mar,1906,1906,3
551,Apr-06,0,Apr,1906,1906,4
716,May-06,3,May,1906,1906,5
881,Jun-06,3,Jun,1906,1906,6
1046,Jul-06,1,Jul,1906,1906,7
1211,Aug-06,4,Aug,1906,1906,8
1376,Sep-06,3,Sep,1906,1906,9
1541,Oct-06,1,Oct,1906,1906,10
1706,Nov-06,0,Nov,1906,1906,11
1871,Dec-06,2,Dec,1906,1906,12
57,Jan-07,4,Jan,1907,1907,1
222,Feb-07,1,Feb,1907,1907,2
387,Mar-07,0,Mar,1907,1907,3
552,Apr-07,3,Apr,1907,1907,4
717,May-07,0,May,1907,1907,5
882,Jun-07,3,Jun,1907,1907,6
1047,Jul-07,1,Jul,1907,1907,7
1212,Aug-07,4,Aug,1907,1907,8
1377,Sep-07,3,Sep,1907,1907,9
1542,Oct-07,1,Oct,1907,1907,10
1707,Nov-07,2,Nov,1907,1907,11
1872,Dec-07,2,Dec,1907,1907,12
58,Jan-08,1,Jan,1908,1908,1
223,Feb-08,0,Feb,1908,1908,2
388,Mar-08,1,Mar,1908,1908,3
553,Apr-08,3,Apr,1908,1908,4
718,May-08,2,May,1908,1908,5
883,Jun-08,3,Jun,1908,1908,6
1048,Jul-08,3,Jul,1908,1908,7
1213,Aug-08,2,Aug,1908,1908,8
1378,Sep-08,2,Sep,1908,1908,9
1543,Oct-08,2,Oct,1908,1908,10
1708,Nov-08,2,Nov,1908,1908,11
1873,Dec-08,0,Dec,1908,1908,12
59,Jan-09,3,Jan,1909,1909,1
224,Feb-09,4,Feb,1909,1909,2
389,Mar-09,4,Mar,1909,1909,3
554,Apr-09,2,Apr,1909,1909,4
719,May-09,1,May,1909,1909,5
884,Jun-09,1,Jun,1909,1909,6
1049,Jul-09,1,Jul,1909,1909,7
1214,Aug-09,1,Aug,1909,1909,8
1379,Sep-09,0,Sep,1909,1909,9
1544,Oct-09,2,Oct,1909,1909,10
1709,Nov-09,1,Nov,1909,1909,11
1874,Dec-09,1,Dec,1909,1909,12
60,Jan-10,3,Jan,1910,1910,1
225,Feb-10,2,Feb,1910,1910,2
390,Mar-10,6,Mar,1910,1910,3
555,Apr-10,1,Apr,1910,1910,4
720,May-10,1,May,1910,1910,5
885,Jun-10,3,Jun,1910,1910,6
1050,Jul-10,4,Jul,1910,1910,7
1215,Aug-10,2,Aug,1910,1910,8
1380,Sep-10,3,Sep,1910,1910,9
1545,Oct-10,1,Oct,1910,1910,10
1710,Nov-10,1,Nov,1910,1910,11
1875,Dec-10,2,Dec,1910,1910,12
61,Jan-11,0,Jan,1911,1911,1
226,Feb-11,6,Feb,1911,1911,2
391,Mar-11,2,Mar,1911,1911,3
556,Apr-11,0,Apr,1911,1911,4
721,May-11,6,May,1911,1911,5
886,Jun-11,3,Jun,1911,1911,6
1051,Jul-11,2,Jul,1911,1911,7
1216,Aug-11,0,Aug,1911,1911,8
1381,Sep-11,0,Sep,1911,1911,9
1546,Oct-11,0,Oct,1911,1911,10
1711,Nov-11,2,Nov,1911,1911,11
1876,Dec-11,1,Dec,1911,1911,12
62,Jan-12,2,Jan,1912,1912,1
227,Feb-12,3,Feb,1912,1912,2
392,Mar-12,2,Mar,1912,1912,3
557,Apr-12,4,Apr,1912,1912,4
722,May-12,2,May,1912,1912,5
887,Jun-12,5,Jun,1912,1912,6
1052,Jul-12,4,Jul,1912,1912,7
1217,Aug-12,0,Aug,1912,1912,8
1382,Sep-12,2,Sep,1912,1912,9
1547,Oct-12,2,Oct,1912,1912,10
1712,Nov-12,0,Nov,1912,1912,11
1877,Dec-12,1,Dec,1912,1912,12
63,Jan-13,3,Jan,1913,1913,1
228,Feb-13,3,Feb,1913,1913,2
393,Mar-13,1,Mar,1913,1913,3
558,Apr-13,3,Apr,1913,1913,4
723,May-13,2,May,1913,1913,5
888,Jun-13,1,Jun,1913,1913,6
1053,Jul-13,8,Jul,1913,1913,7
1218,Aug-13,0,Aug,1913,1913,8
1383,Sep-13,0,Sep,1913,1913,9
1548,Oct-13,2,Oct,1913,1913,10
1713,Nov-13,5,Nov,1913,1913,11
1878,Dec-13,9,Dec,1913,1913,12
64,Jan-14,11,Jan,1914,1914,1
229,Feb-14,2,Feb,1914,1914,2
394,Mar-14,1,Mar,1914,1914,3
559,Apr-14,1,Apr,1914,1914,4
724,May-14,3,May,1914,1914,5
889,Jun-14,1,Jun,1914,1914,6
1054,Jul-14,3,Jul,1914,1914,7
1219,Aug-14,2,Aug,1914,1914,8
1384,Sep-14,0,Sep,1914,1914,9
1549,Oct-14,2,Oct,1914,1914,10
1714,Nov-14,2,Nov,1914,1914,11
1879,Dec-14,4,Dec,1914,1914,12
65,Jan-15,2,Jan,1915,1915,1
230,Feb-15,2,Feb,1915,1915,2
395,Mar-15,3,Mar,1915,1915,3
560,Apr-15,7,Apr,1915,1915,4
725,May-15,7,May,1915,1915,5
890,Jun-15,8,Jun,1915,1915,6
1055,Jul-15,3,Jul,1915,1915,7
1220,Aug-15,2,Aug,1915,1915,8
1385,Sep-15,2,Sep,1915,1915,9
1550,Oct-15,3,Oct,1915,1915,10
1715,Nov-15,2,Nov,1915,1915,11
1880,Dec-15,2,Dec,1915,1915,12
66,Jan-16,1,Jan,1916,1916,1
231,Feb-16,7,Feb,1916,1916,2
396,Mar-16,4,Mar,1916,1916,3
561,Apr-16,1,Apr,1916,1916,4
726,May-16,2,May,1916,1916,5
891,Jun-16,1,Jun,1916,1916,6
1056,Jul-16,5,Jul,1916,1916,7
1221,Aug-16,3,Aug,1916,1916,8
1386,Sep-16,0,Sep,1916,1916,9
1551,Oct-16,1,Oct,1916,1916,10
1716,Nov-16,1,Nov,1916,1916,11
1881,Dec-16,2,Dec,1916,1916,12
67,Jan-17,6,Jan,1917,1917,1
232,Feb-17,6,Feb,1917,1917,2
397,Mar-17,3,Mar,1917,1917,3
562,Apr-17,2,Apr,1917,1917,4
727,May-17,8,May,1917,1917,5
892,Jun-17,0,Jun,1917,1917,6
1057,Jul-17,2,Jul,1917,1917,7
1222,Aug-17,1,Aug,1917,1917,8
1387,Sep-17,4,Sep,1917,1917,9
1552,Oct-17,3,Oct,1917,1917,10
1717,Nov-17,3,Nov,1917,1917,11
1882,Dec-17,1,Dec,1917,1917,12
68,Jan-18,13,Jan,1918,1918,1
233,Feb-18,7,Feb,1918,1918,2
398,Mar-18,4,Mar,1918,1918,3
563,Apr-18,4,Apr,1918,1918,4
728,May-18,6,May,1918,1918,5
893,Jun-18,1,Jun,1918,1918,6
1058,Jul-18,2,Jul,1918,1918,7
1223,Aug-18,2,Aug,1918,1918,8
1388,Sep-18,3,Sep,1918,1918,9
1553,Oct-18,2,Oct,1918,1918,10
1718,Nov-18,5,Nov,1918,1918,11
1883,Dec-18,2,Dec,1918,1918,12
69,Jan-19,5,Jan,1919,1919,1
234,Feb-19,11,Feb,1919,1919,2
399,Mar-19,12,Mar,1919,1919,3
564,Apr-19,5,Apr,1919,1919,4
729,May-19,6,May,1919,1919,5
894,Jun-19,8,Jun,1919,1919,6
1059,Jul-19,8,Jul,1919,1919,7
1224,Aug-19,3,Aug,1919,1919,8
1389,Sep-19,3,Sep,1919,1919,9
1554,Oct-19,8,Oct,1919,1919,10
1719,Nov-19,4,Nov,1919,1919,11
1884,Dec-19,3,Dec,1919,1919,12
70,Jan-20,4,Jan,1920,1920,1
235,Feb-20,7,Feb,1920,1920,2
400,Mar-20,3,Mar,1920,1920,3
565,Apr-20,5,Apr,1920,1920,4
730,May-20,7,May,1920,1920,5
895,Jun-20,10,Jun,1920,1920,6
1060,Jul-20,9,Jul,1920,1920,7
1225,Aug-20,9,Aug,1920,1920,8
1390,Sep-20,6,Sep,1920,1920,9
1555,Oct-20,7,Oct,1920,1920,10
1720,Nov-20,3,Nov,1920,1920,11
1885,Dec-20,6,Dec,1920,1920,12
71,Jan-21,14,Jan,1921,1921,1
236,Feb-21,12,Feb,1921,1921,2
401,Mar-21,6,Mar,1921,1921,3
566,Apr-21,8,Apr,1921,1921,4
731,May-21,7,May,1921,1921,5
896,Jun-21,8,Jun,1921,1921,6
1061,Jul-21,15,Jul,1921,1921,7
1226,Aug-21,7,Aug,1921,1921,8
1391,Sep-21,7,Sep,1921,1921,9
1556,Oct-21,8,Oct,1921,1921,10
1721,Nov-21,8,Nov,1921,1921,11
1886,Dec-21,10,Dec,1921,1921,12
72,Jan-22,10,Jan,1922,1922,1
237,Feb-22,9,Feb,1922,1922,2
402,Mar-22,7,Mar,1922,1922,3
567,Apr-22,5,Apr,1922,1922,4
732,May-22,10,May,1922,1922,5
897,Jun-22,13,Jun,1922,1922,6
1062,Jul-22,8,Jul,1922,1922,7
1227,Aug-22,8,Aug,1922,1922,8
1392,Sep-22,4,Sep,1922,1922,9
1557,Oct-22,14,Oct,1922,1922,10
1722,Nov-22,17,Nov,1922,1922,11
1887,Dec-22,9,Dec,1922,1922,12
73,Jan-23,10,Jan,1923,1923,1
238,Feb-23,9,Feb,1923,1923,2
403,Mar-23,14,Mar,1923,1923,3
568,Apr-23,12,Apr,1923,1923,4
733,May-23,8,May,1923,1923,5
898,Jun-23,7,Jun,1923,1923,6
1063,Jul-23,8,Jul,1923,1923,7
1228,Aug-23,9,Aug,1923,1923,8
1393,Sep-23,5,Sep,1923,1923,9
1558,Oct-23,8,Oct,1923,1923,10
1723,Nov-23,9,Nov,1923,1923,11
1888,Dec-23,9,Dec,1923,1923,12
74,Jan-24,8,Jan,1924,1924,1
239,Feb-24,10,Feb,1924,1924,2
404,Mar-24,11,Mar,1924,1924,3
569,Apr-24,11,Apr,1924,1924,4
734,May-24,10,May,1924,1924,5
899,Jun-24,15,Jun,1924,1924,6
1064,Jul-24,1,Jul,1924,1924,7
1229,Aug-24,10,Aug,1924,1924,8
1394,Sep-24,5,Sep,1924,1924,9
1559,Oct-24,12,Oct,1924,1924,10
1724,Nov-24,5,Nov,1924,1924,11
1889,Dec-24,9,Dec,1924,1924,12
75,Jan-25,7,Jan,1925,1925,1
240,Feb-25,4,Feb,1925,1925,2
405,Mar-25,8,Mar,1925,1925,3
570,Apr-25,7,Apr,1925,1925,4
735,May-25,7,May,1925,1925,5
900,Jun-25,6,Jun,1925,1925,6
1065,Jul-25,10,Jul,1925,1925,7
1230,Aug-25,10,Aug,1925,1925,8
1395,Sep-25,10,Sep,1925,1925,9
1560,Oct-25,9,Oct,1925,1925,10
1725,Nov-25,12,Nov,1925,1925,11
1890,Dec-25,15,Dec,1925,1925,12
76,Jan-26,11,Jan,1926,1926,1
241,Feb-26,21,Feb,1926,1926,2
406,Mar-26,11,Mar,1926,1926,3
571,Apr-26,11,Apr,1926,1926,4
736,May-26,10,May,1926,1926,5
901,Jun-26,16,Jun,1926,1926,6
1066,Jul-26,7,Jul,1926,1926,7
1231,Aug-26,9,Aug,1926,1926,8
1396,Sep-26,14,Sep,1926,1926,9
1561,Oct-26,16,Oct,1926,1926,10
1726,Nov-26,16,Nov,1926,1926,11
1891,Dec-26,18,Dec,1926,1926,12
77,Jan-27,12,Jan,1927,1927,1
242,Feb-27,9,Feb,1927,1927,2
407,Mar-27,6,Mar,1927,1927,3
572,Apr-27,14,Apr,1927,1927,4
737,May-27,11,May,1927,1927,5
902,Jun-27,11,Jun,1927,1927,6
1067,Jul-27,11,Jul,1927,1927,7
1232,Aug-27,5,Aug,1927,1927,8
1397,Sep-27,14,Sep,1927,1927,9
1562,Oct-27,20,Oct,1927,1927,10
1727,Nov-27,12,Nov,1927,1927,11
1892,Dec-27,13,Dec,1927,1927,12
78,Jan-28,8,Jan,1928,1928,1
243,Feb-28,17,Feb,1928,1928,2
408,Mar-28,12,Mar,1928,1928,3
573,Apr-28,14,Apr,1928,1928,4
738,May-28,8,May,1928,1928,5
903,Jun-28,10,Jun,1928,1928,6
1068,Jul-28,9,Jul,1928,1928,7
1233,Aug-28,8,Aug,1928,1928,8
1398,Sep-28,16,Sep,1928,1928,9
1563,Oct-28,18,Oct,1928,1928,10
1728,Nov-28,5,Nov,1928,1928,11
1893,Dec-28,12,Dec,1928,1928,12
79,Jan-29,9,Jan,1929,1929,1
244,Feb-29,2,Feb,1929,1929,2
409,Mar-29,15,Mar,1929,1929,3
574,Apr-29,9,Apr,1929,1929,4
739,May-29,9,May,1929,1929,5
904,Jun-29,6,Jun,1929,1929,6
1069,Jul-29,14,Jul,1929,1929,7
1234,Aug-29,4,Aug,1929,1929,8
1399,Sep-29,6,Sep,1929,1929,9
1564,Oct-29,2,Oct,1929,1929,10
1729,Nov-29,4,Nov,1929,1929,11
1894,Dec-29,4,Dec,1929,1929,12
80,Jan-30,8,Jan,1930,1930,1
245,Feb-30,7,Feb,1930,1930,2
410,Mar-30,3,Mar,1930,1930,3
575,Apr-30,4,Apr,1930,1930,4
740,May-30,3,May,1930,1930,5
905,Jun-30,13,Jun,1930,1930,6
1070,Jul-30,11,Jul,1930,1930,7
1235,Aug-30,10,Aug,1930,1930,8
1400,Sep-30,11,Sep,1930,1930,9
1565,Oct-30,9,Oct,1930,1930,10
1730,Nov-30,12,Nov,1930,1930,11
1895,Dec-30,6,Dec,1930,1930,12
81,Jan-31,14,Jan,1931,1931,1
246,Feb-31,13,Feb,1931,1931,2
411,Mar-31,23,Mar,1931,1931,3
576,Apr-31,15,Apr,1931,1931,4
741,May-31,17,May,1931,1931,5
906,Jun-31,22,Jun,1931,1931,6
1071,Jul-31,15,Jul,1931,1931,7
1236,Aug-31,16,Aug,1931,1931,8
1401,Sep-31,23,Sep,1931,1931,9
1566,Oct-31,11,Oct,1931,1931,10
1731,Nov-31,9,Nov,1931,1931,11
1896,Dec-31,25,Dec,1931,1931,12
82,Jan-32,25,Jan,1932,1932,1
247,Feb-32,15,Feb,1932,1932,2
412,Mar-32,26,Mar,1932,1932,3
577,Apr-32,27,Apr,1932,1932,4
742,May-32,12,May,1932,1932,5
907,Jun-32,19,Jun,1932,1932,6
1072,Jul-32,28,Jul,1932,1932,7
1237,Aug-32,9,Aug,1932,1932,8
1402,Sep-32,15,Sep,1932,1932,9
1567,Oct-32,33,Oct,1932,1932,10
1732,Nov-32,11,Nov,1932,1932,11
1897,Dec-32,23,Dec,1932,1932,12
83,Jan-33,27,Jan,1933,1933,1
248,Feb-33,18,Feb,1933,1933,2
413,Mar-33,13,Mar,1933,1933,3
578,Apr-33,18,Apr,1933,1933,4
743,May-33,11,May,1933,1933,5
908,Jun-33,12,Jun,1933,1933,6
1073,Jul-33,11,Jul,1933,1933,7
1238,Aug-33,4,Aug,1933,1933,8
1403,Sep-33,11,Sep,1933,1933,9
1568,Oct-33,12,Oct,1933,1933,10
1733,Nov-33,12,Nov,1933,1933,11
1898,Dec-33,23,Dec,1933,1933,12
84,Jan-34,46,Jan,1934,1934,1
249,Feb-34,22,Feb,1934,1934,2
414,Mar-34,19,Mar,1934,1934,3
579,Apr-34,22,Apr,1934,1934,4
744,May-34,21,May,1934,1934,5
909,Jun-34,11,Jun,1934,1934,6
1074,Jul-34,15,Jul,1934,1934,7
1239,Aug-34,20,Aug,1934,1934,8
1404,Sep-34,20,Sep,1934,1934,9
1569,Oct-34,27,Oct,1934,1934,10
1734,Nov-34,18,Nov,1934,1934,11
1899,Dec-34,21,Dec,1934,1934,12
85,Jan-35,37,Jan,1935,1935,1
250,Feb-35,18,Feb,1935,1935,2
415,Mar-35,31,Mar,1935,1935,3
580,Apr-35,27,Apr,1935,1935,4
745,May-35,25,May,1935,1935,5
910,Jun-35,34,Jun,1935,1935,6
1075,Jul-35,34,Jul,1935,1935,7
1240,Aug-35,15,Aug,1935,1935,8
1405,Sep-35,19,Sep,1935,1935,9
1570,Oct-35,27,Oct,1935,1935,10
1735,Nov-35,20,Nov,1935,1935,11
1900,Dec-35,33,Dec,1935,1935,12
86,Jan-36,35,Jan,1936,1936,1
251,Feb-36,15,Feb,1936,1936,2
416,Mar-36,18,Mar,1936,1936,3
581,Apr-36,18,Apr,1936,1936,4
746,May-36,16,May,1936,1936,5
911,Jun-36,31,Jun,1936,1936,6
1076,Jul-36,23,Jul,1936,1936,7
1241,Aug-36,18,Aug,1936,1936,8
1406,Sep-36,23,Sep,1936,1936,9
1571,Oct-36,51,Oct,1936,1936,10
1736,Nov-36,15,Nov,1936,1936,11
1901,Dec-36,13,Dec,1936,1936,12
87,Jan-37,14,Jan,1937,1937,1
252,Feb-37,7,Feb,1937,1937,2
417,Mar-37,8,Mar,1937,1937,3
582,Apr-37,17,Apr,1937,1937,4
747,May-37,20,May,1937,1937,5
912,Jun-37,18,Jun,1937,1937,6
1077,Jul-37,15,Jul,1937,1937,7
1242,Aug-37,19,Aug,1937,1937,8
1407,Sep-37,8,Sep,1937,1937,9
1572,Oct-37,16,Oct,1937,1937,10
1737,Nov-37,11,Nov,1937,1937,11
1902,Dec-37,18,Dec,1937,1937,12
88,Jan-38,22,Jan,1938,1938,1
253,Feb-38,12,Feb,1938,1938,2
418,Mar-38,7,Mar,1938,1938,3
583,Apr-38,26,Apr,1938,1938,4
748,May-38,22,May,1938,1938,5
913,Jun-38,11,Jun,1938,1938,6
1078,Jul-38,18,Jul,1938,1938,7
1243,Aug-38,9,Aug,1938,1938,8
1408,Sep-38,13,Sep,1938,1938,9
1573,Oct-38,18,Oct,1938,1938,10
1738,Nov-38,10,Nov,1938,1938,11
1903,Dec-38,16,Dec,1938,1938,12
89,Jan-39,31,Jan,1939,1939,1
254,Feb-39,24,Feb,1939,1939,2
419,Mar-39,27,Mar,1939,1939,3
584,Apr-39,18,Apr,1939,1939,4
749,May-39,28,May,1939,1939,5
914,Jun-39,21,Jun,1939,1939,6
1079,Jul-39,23,Jul,1939,1939,7
1244,Aug-39,15,Aug,1939,1939,8
1409,Sep-39,15,Sep,1939,1939,9
1574,Oct-39,10,Oct,1939,1939,10
1739,Nov-39,14,Nov,1939,1939,11
1904,Dec-39,20,Dec,1939,1939,12
90,Jan-40,38,Jan,1940,1940,1
255,Feb-40,36,Feb,1940,1940,2
420,Mar-40,17,Mar,1940,1940,3
585,Apr-40,23,Apr,1940,1940,4
750,May-40,30,May,1940,1940,5
915,Jun-40,38,Jun,1940,1940,6
1080,Jul-40,11,Jul,1940,1940,7
1245,Aug-40,9,Aug,1940,1940,8
1410,Sep-40,16,Sep,1940,1940,9
1575,Oct-40,28,Oct,1940,1940,10
1740,Nov-40,32,Nov,1940,1940,11
1905,Dec-40,22,Dec,1940,1940,12
91,Jan-41,27,Jan,1941,1941,1
256,Feb-41,22,Feb,1941,1941,2
421,Mar-41,17,Mar,1941,1941,3
586,Apr-41,10,Apr,1941,1941,4
751,May-41,5,May,1941,1941,5
916,Jun-41,11,Jun,1941,1941,6
1081,Jul-41,9,Jul,1941,1941,7
1246,Aug-41,8,Aug,1941,1941,8
1411,Sep-41,8,Sep,1941,1941,9
1576,Oct-41,7,Oct,1941,1941,10
1741,Nov-41,7,Nov,1941,1941,11
1906,Dec-41,11,Dec,1941,1941,12
92,Jan-42,10,Jan,1942,1942,1
257,Feb-42,11,Feb,1942,1942,2
422,Mar-42,22,Mar,1942,1942,3
587,Apr-42,9,Apr,1942,1942,4
752,May-42,4,May,1942,1942,5
917,Jun-42,15,Jun,1942,1942,6
1082,Jul-42,10,Jul,1942,1942,7
1247,Aug-42,9,Aug,1942,1942,8
1412,Sep-42,9,Sep,1942,1942,9
1577,Oct-42,5,Oct,1942,1942,10
1742,Nov-42,5,Nov,1942,1942,11
1907,Dec-42,3,Dec,1942,1942,12
93,Jan-43,14,Jan,1943,1943,1
258,Feb-43,14,Feb,1943,1943,2
423,Mar-43,15,Mar,1943,1943,3
588,Apr-43,8,Apr,1943,1943,4
753,May-43,8,May,1943,1943,5
918,Jun-43,7,Jun,1943,1943,6
1083,Jul-43,9,Jul,1943,1943,7
1248,Aug-43,4,Aug,1943,1943,8
1413,Sep-43,6,Sep,1943,1943,9
1578,Oct-43,13,Oct,1943,1943,10
1743,Nov-43,11,Nov,1943,1943,11
1908,Dec-43,7,Dec,1943,1943,12
94,Jan-44,9,Jan,1944,1944,1
259,Feb-44,14,Feb,1944,1944,2
424,Mar-44,10,Mar,1944,1944,3
589,Apr-44,8,Apr,1944,1944,4
754,May-44,18,May,1944,1944,5
919,Jun-44,12,Jun,1944,1944,6
1084,Jul-44,5,Jul,1944,1944,7
1249,Aug-44,13,Aug,1944,1944,8
1414,Sep-44,9,Sep,1944,1944,9
1579,Oct-44,13,Oct,1944,1944,10
1744,Nov-44,7,Nov,1944,1944,11
1909,Dec-44,13,Dec,1944,1944,12
95,Jan-45,12,Jan,1945,1945,1
260,Feb-45,11,Feb,1945,1945,2
425,Mar-45,8,Mar,1945,1945,3
590,Apr-45,5,Apr,1945,1945,4
755,May-45,4,May,1945,1945,5
920,Jun-45,7,Jun,1945,1945,6
1085,Jul-45,8,Jul,1945,1945,7
1250,Aug-45,13,Aug,1945,1945,8
1415,Sep-45,23,Sep,1945,1945,9
1580,Oct-45,14,Oct,1945,1945,10
1745,Nov-45,18,Nov,1945,1945,11
1910,Dec-45,15,Dec,1945,1945,12
96,Jan-46,24,Jan,1946,1946,1
261,Feb-46,24,Feb,1946,1946,2
426,Mar-46,18,Mar,1946,1946,3
591,Apr-46,14,Apr,1946,1946,4
756,May-46,11,May,1946,1946,5
921,Jun-46,20,Jun,1946,1946,6
1086,Jul-46,11,Jul,1946,1946,7
1251,Aug-46,15,Aug,1946,1946,8
1416,Sep-46,11,Sep,1946,1946,9
1581,Oct-46,17,Oct,1946,1946,10
1746,Nov-46,16,Nov,1946,1946,11
1911,Dec-46,25,Dec,1946,1946,12
97,Jan-47,36,Jan,1947,1947,1
262,Feb-47,37,Feb,1947,1947,2
427,Mar-47,28,Mar,1947,1947,3
592,Apr-47,23,Apr,1947,1947,4
757,May-47,25,May,1947,1947,5
922,Jun-47,23,Jun,1947,1947,6
1087,Jul-47,19,Jul,1947,1947,7
1252,Aug-47,11,Aug,1947,1947,8
1417,Sep-47,12,Sep,1947,1947,9
1582,Oct-47,7,Oct,1947,1947,10
1747,Nov-47,15,Nov,1947,1947,11
1912,Dec-47,22,Dec,1947,1947,12
98,Jan-48,38,Jan,1948,1948,1
263,Feb-48,13,Feb,1948,1948,2
428,Mar-48,7,Mar,1948,1948,3
593,Apr-48,9,Apr,1948,1948,4
758,May-48,8,May,1948,1948,5
923,Jun-48,7,Jun,1948,1948,6
1088,Jul-48,9,Jul,1948,1948,7
1253,Aug-48,5,Aug,1948,1948,8
1418,Sep-48,14,Sep,1948,1948,9
1583,Oct-48,12,Oct,1948,1948,10
1748,Nov-48,13,Nov,1948,1948,11
1913,Dec-48,12,Dec,1948,1948,12
99,Jan-49,15,Jan,1949,1949,1
264,Feb-49,9,Feb,1949,1949,2
429,Mar-49,13,Mar,1949,1949,3
594,Apr-49,16,Apr,1949,1949,4
759,May-49,23,May,1949,1949,5
924,Jun-49,13,Jun,1949,1949,6
1089,Jul-49,16,Jul,1949,1949,7
1254,Aug-49,9,Aug,1949,1949,8
1419,Sep-49,12,Sep,1949,1949,9
1584,Oct-49,14,Oct,1949,1949,10
1749,Nov-49,14,Nov,1949,1949,11
1914,Dec-49,18,Dec,1949,1949,12
100,Jan-50,36,Jan,1950,1950,1
265,Feb-50,12,Feb,1950,1950,2
430,Mar-50,16,Mar,1950,1950,3
595,Apr-50,23,Apr,1950,1950,4
760,May-50,17,May,1950,1950,5
925,Jun-50,11,Jun,1950,1950,6
1090,Jul-50,14,Jul,1950,1950,7
1255,Aug-50,12,Aug,1950,1950,8
1420,Sep-50,12,Sep,1950,1950,9
1585,Oct-50,8,Oct,1950,1950,10
1750,Nov-50,10,Nov,1950,1950,11
1915,Dec-50,3,Dec,1950,1950,12
101,Jan-51,16,Jan,1951,1951,1
266,Feb-51,14,Feb,1951,1951,2
431,Mar-51,11,Mar,1951,1951,3
596,Apr-51,8,Apr,1951,1951,4
761,May-51,5,May,1951,1951,5
926,Jun-51,6,Jun,1951,1951,6
1091,Jul-51,7,Jul,1951,1951,7
1256,Aug-51,1,Aug,1951,1951,8
1421,Sep-51,8,Sep,1951,1951,9
1586,Oct-51,5,Oct,1951,1951,10
1751,Nov-51,5,Nov,1951,1951,11
1916,Dec-51,5,Dec,1951,1951,12
102,Jan-52,18,Jan,1952,1952,1
267,Feb-52,9,Feb,1952,1952,2
432,Mar-52,12,Mar,1952,1952,3
597,Apr-52,4,Apr,1952,1952,4
762,May-52,7,May,1952,1952,5
927,Jun-52,8,Jun,1952,1952,6
1092,Jul-52,13,Jul,1952,1952,7
1257,Aug-52,9,Aug,1952,1952,8
1422,Sep-52,14,Sep,1952,1952,9
1587,Oct-52,10,Oct,1952,1952,10
1752,Nov-52,7,Nov,1952,1952,11
1917,Dec-52,11,Dec,1952,1952,12
103,Jan-53,26,Jan,1953,1953,1
268,Feb-53,14,Feb,1953,1953,2
433,Mar-53,13,Mar,1953,1953,3
598,Apr-53,13,Apr,1953,1953,4
763,May-53,23,May,1953,1953,5
928,Jun-53,13,Jun,1953,1953,6
1093,Jul-53,20,Jul,1953,1953,7
1258,Aug-53,29,Aug,1953,1953,8
1423,Sep-53,17,Sep,1953,1953,9
1588,Oct-53,17,Oct,1953,1953,10
1753,Nov-53,14,Nov,1953,1953,11
1918,Dec-53,8,Dec,1953,1953,12
104,Jan-54,21,Jan,1954,1954,1
269,Feb-54,5,Feb,1954,1954,2
434,Mar-54,6,Mar,1954,1954,3
599,Apr-54,7,Apr,1954,1954,4
764,May-54,8,May,1954,1954,5
929,Jun-54,7,Jun,1954,1954,6
1094,Jul-54,15,Jul,1954,1954,7
1259,Aug-54,18,Aug,1954,1954,8
1424,Sep-54,11,Sep,1954,1954,9
1589,Oct-54,6,Oct,1954,1954,10
1754,Nov-54,7,Nov,1954,1954,11
1919,Dec-54,8,Dec,1954,1954,12
105,Jan-55,13,Jan,1955,1955,1
270,Feb-55,10,Feb,1955,1955,2
435,Mar-55,9,Mar,1955,1955,3
600,Apr-55,6,Apr,1955,1955,4
765,May-55,6,May,1955,1955,5
930,Jun-55,17,Jun,1955,1955,6
1095,Jul-55,14,Jul,1955,1955,7
1260,Aug-55,7,Aug,1955,1955,8
1425,Sep-55,9,Sep,1955,1955,9
1590,Oct-55,11,Oct,1955,1955,10
1755,Nov-55,7,Nov,1955,1955,11
1920,Dec-55,16,Dec,1955,1955,12
106,Jan-56,26,Jan,1956,1956,1
271,Feb-56,11,Feb,1956,1956,2
436,Mar-56,10,Mar,1956,1956,3
601,Apr-56,8,Apr,1956,1956,4
766,May-56,11,May,1956,1956,5
931,Jun-56,11,Jun,1956,1956,6
1096,Jul-56,11,Jul,1956,1956,7
1261,Aug-56,13,Aug,1956,1956,8
1426,Sep-56,3,Sep,1956,1956,9
1591,Oct-56,11,Oct,1956,1956,10
1756,Nov-56,2,Nov,1956,1956,11
1921,Dec-56,5,Dec,1956,1956,12
107,Jan-57,13,Jan,1957,1957,1
272,Feb-57,11,Feb,1957,1957,2
437,Mar-57,17,Mar,1957,1957,3
602,Apr-57,19,Apr,1957,1957,4
767,May-57,15,May,1957,1957,5
932,Jun-57,22,Jun,1957,1957,6
1097,Jul-57,14,Jul,1957,1957,7
1262,Aug-57,13,Aug,1957,1957,8
1427,Sep-57,12,Sep,1957,1957,9
1592,Oct-57,20,Oct,1957,1957,10
1757,Nov-57,21,Nov,1957,1957,11
1922,Dec-57,20,Dec,1957,1957,12
108,Jan-58,33,Jan,1958,1958,1
273,Feb-58,8,Feb,1958,1958,2
438,Mar-58,16,Mar,1958,1958,3
603,Apr-58,16,Apr,1958,1958,4
768,May-58,13,May,1958,1958,5
933,Jun-58,13,Jun,1958,1958,6
1098,Jul-58,22,Jul,1958,1958,7
1263,Aug-58,25,Aug,1958,1958,8
1428,Sep-58,15,Sep,1958,1958,9
1593,Oct-58,14,Oct,1958,1958,10
1758,Nov-58,17,Nov,1958,1958,11
1923,Dec-58,15,Dec,1958,1958,12
109,Jan-59,20,Jan,1959,1959,1
274,Feb-59,10,Feb,1959,1959,2
439,Mar-59,11,Mar,1959,1959,3
604,Apr-59,8,Apr,1959,1959,4
769,May-59,13,May,1959,1959,5
934,Jun-59,38,Jun,1959,1959,6
1099,Jul-59,13,Jul,1959,1959,7
1264,Aug-59,16,Aug,1959,1959,8
1429,Sep-59,15,Sep,1959,1959,9
1594,Oct-59,12,Oct,1959,1959,10
1759,Nov-59,7,Nov,1959,1959,11
1924,Dec-59,11,Dec,1959,1959,12
110,Jan-60,42,Jan,1960,1960,1
275,Feb-60,14,Feb,1960,1960,2
440,Mar-60,6,Mar,1960,1960,3
605,Apr-60,10,Apr,1960,1960,4
770,May-60,9,May,1960,1960,5
935,Jun-60,10,Jun,1960,1960,6
1100,Jul-60,11,Jul,1960,1960,7
1265,Aug-60,8,Aug,1960,1960,8
1430,Sep-60,9,Sep,1960,1960,9
1595,Oct-60,15,Oct,1960,1960,10
1760,Nov-60,9,Nov,1960,1960,11
1925,Dec-60,14,Dec,1960,1960,12
111,Jan-61,25,Jan,1961,1961,1
276,Feb-61,11,Feb,1961,1961,2
441,Mar-61,18,Mar,1961,1961,3
606,Apr-61,9,Apr,1961,1961,4
771,May-61,4,May,1961,1961,5
936,Jun-61,21,Jun,1961,1961,6
1101,Jul-61,15,Jul,1961,1961,7
1266,Aug-61,11,Aug,1961,1961,8
1431,Sep-61,5,Sep,1961,1961,9
1596,Oct-61,9,Oct,1961,1961,10
1761,Nov-61,10,Nov,1961,1961,11
1926,Dec-61,8,Dec,1961,1961,12
112,Jan-62,31,Jan,1962,1962,1
277,Feb-62,22,Feb,1962,1962,2
442,Mar-62,17,Mar,1962,1962,3
607,Apr-62,9,Apr,1962,1962,4
772,May-62,10,May,1962,1962,5
937,Jun-62,52,Jun,1962,1962,6
1102,Jul-62,32,Jul,1962,1962,7
1267,Aug-62,23,Aug,1962,1962,8
1432,Sep-62,17,Sep,1962,1962,9
1597,Oct-62,11,Oct,1962,1962,10
1762,Nov-62,19,Nov,1962,1962,11
1927,Dec-62,23,Dec,1962,1962,12
113,Jan-63,25,Jan,1963,1963,1
278,Feb-63,16,Feb,1963,1963,2
443,Mar-63,20,Mar,1963,1963,3
608,Apr-63,40,Apr,1963,1963,4
773,May-63,41,May,1963,1963,5
938,Jun-63,20,Jun,1963,1963,6
1103,Jul-63,15,Jul,1963,1963,7
1268,Aug-63,25,Aug,1963,1963,8
1433,Sep-63,34,Sep,1963,1963,9
1598,Oct-63,17,Oct,1963,1963,10
1763,Nov-63,25,Nov,1963,1963,11
1928,Dec-63,22,Dec,1963,1963,12
114,Jan-64,23,Jan,1964,1964,1
279,Feb-64,4,Feb,1964,1964,2
444,Mar-64,6,Mar,1964,1964,3
609,Apr-64,5,Apr,1964,1964,4
774,May-64,19,May,1964,1964,5
939,Jun-64,16,Jun,1964,1964,6
1104,Jul-64,10,Jul,1964,1964,7
1269,Aug-64,14,Aug,1964,1964,8
1434,Sep-64,8,Sep,1964,1964,9
1599,Oct-64,8,Oct,1964,1964,10
1764,Nov-64,6,Nov,1964,1964,11
1929,Dec-64,6,Dec,1964,1964,12
115,Jan-65,20,Jan,1965,1965,1
280,Feb-65,1,Feb,1965,1965,2
445,Mar-65,4,Mar,1965,1965,3
610,Apr-65,11,Apr,1965,1965,4
775,May-65,12,May,1965,1965,5
940,Jun-65,16,Jun,1965,1965,6
1105,Jul-65,9,Jul,1965,1965,7
1270,Aug-65,3,Aug,1965,1965,8
1435,Sep-65,2,Sep,1965,1965,9
1600,Oct-65,3,Oct,1965,1965,10
1765,Nov-65,10,Nov,1965,1965,11
1930,Dec-65,10,Dec,1965,1965,12
116,Jan-66,27,Jan,1966,1966,1
281,Feb-66,8,Feb,1966,1966,2
446,Mar-66,6,Mar,1966,1966,3
611,Apr-66,11,Apr,1966,1966,4
776,May-66,16,May,1966,1966,5
941,Jun-66,15,Jun,1966,1966,6
1106,Jul-66,8,Jul,1966,1966,7
1271,Aug-66,9,Aug,1966,1966,8
1436,Sep-66,9,Sep,1966,1966,9
1601,Oct-66,12,Oct,1966,1966,10
1766,Nov-66,6,Nov,1966,1966,11
1931,Dec-66,18,Dec,1966,1966,12
117,Jan-67,32,Jan,1967,1967,1
282,Feb-67,16,Feb,1967,1967,2
447,Mar-67,16,Mar,1967,1967,3
612,Apr-67,6,Apr,1967,1967,4
777,May-67,18,May,1967,1967,5
942,Jun-67,31,Jun,1967,1967,6
1107,Jul-67,18,Jul,1967,1967,7
1272,Aug-67,26,Aug,1967,1967,8
1437,Sep-67,20,Sep,1967,1967,9
1602,Oct-67,22,Oct,1967,1967,10
1767,Nov-67,18,Nov,1967,1967,11
1932,Dec-67,19,Dec,1967,1967,12
118,Jan-68,25,Jan,1968,1968,1
283,Feb-68,15,Feb,1968,1968,2
448,Mar-68,18,Mar,1968,1968,3
613,Apr-68,13,Apr,1968,1968,4
778,May-68,17,May,1968,1968,5
943,Jun-68,5,Jun,1968,1968,6
1108,Jul-68,6,Jul,1968,1968,7
1273,Aug-68,4,Aug,1968,1968,8
1438,Sep-68,7,Sep,1968,1968,9
1603,Oct-68,9,Oct,1968,1968,10
1768,Nov-68,8,Nov,1968,1968,11
1933,Dec-68,7,Dec,1968,1968,12
119,Jan-69,21,Jan,1969,1969,1
284,Feb-69,6,Feb,1969,1969,2
449,Mar-69,18,Mar,1969,1969,3
614,Apr-69,7,Apr,1969,1969,4
779,May-69,9,May,1969,1969,5
944,Jun-69,7,Jun,1969,1969,6
1109,Jul-69,13,Jul,1969,1969,7
1274,Aug-69,8,Aug,1969,1969,8
1439,Sep-69,4,Sep,1969,1969,9
1604,Oct-69,8,Oct,1969,1969,10
1769,Nov-69,6,Nov,1969,1969,11
1934,Dec-69,11,Dec,1969,1969,12
120,Jan-70,10,Jan,1970,1970,1
285,Feb-70,11,Feb,1970,1970,2
450,Mar-70,2,Mar,1970,1970,3
615,Apr-70,4,Apr,1970,1970,4
780,May-70,21,May,1970,1970,5
945,Jun-70,10,Jun,1970,1970,6
1110,Jul-70,29,Jul,1970,1970,7
1275,Aug-70,13,Aug,1970,1970,8
1440,Sep-70,8,Sep,1970,1970,9
1605,Oct-70,19,Oct,1970,1970,10
1770,Nov-70,21,Nov,1970,1970,11
1935,Dec-70,11,Dec,1970,1970,12
121,Jan-71,20,Jan,1971,1971,1
286,Feb-71,17,Feb,1971,1971,2
451,Mar-71,29,Mar,1971,1971,3
616,Apr-71,7,Apr,1971,1971,4
781,May-71,7,May,1971,1971,5
946,Jun-71,8,Jun,1971,1971,6
1111,Jul-71,14,Jul,1971,1971,7
1276,Aug-71,18,Aug,1971,1971,8
1441,Sep-71,7,Sep,1971,1971,9
1606,Oct-71,9,Oct,1971,1971,10
1771,Nov-71,12,Nov,1971,1971,11
1936,Dec-71,25,Dec,1971,1971,12
122,Jan-72,48,Jan,1972,1972,1
287,Feb-72,27,Feb,1972,1972,2
452,Mar-72,18,Mar,1972,1972,3
617,Apr-72,10,Apr,1972,1972,4
782,May-72,11,May,1972,1972,5
947,Jun-72,9,Jun,1972,1972,6
1112,Jul-72,18,Jul,1972,1972,7
1277,Aug-72,13,Aug,1972,1972,8
1442,Sep-72,20,Sep,1972,1972,9
1607,Oct-72,17,Oct,1972,1972,10
1772,Nov-72,18,Nov,1972,1972,11
1937,Dec-72,10,Dec,1972,1972,12
123,Jan-73,16,Jan,1973,1973,1
288,Feb-73,14,Feb,1973,1973,2
453,Mar-73,5,Mar,1973,1973,3
618,Apr-73,7,Apr,1973,1973,4
783,May-73,10,May,1973,1973,5
948,Jun-73,15,Jun,1973,1973,6
1113,Jul-73,5,Jul,1973,1973,7
1278,Aug-73,2,Aug,1973,1973,8
1443,Sep-73,4,Sep,1973,1973,9
1608,Oct-73,6,Oct,1973,1973,10
1773,Nov-73,2,Nov,1973,1973,11
1938,Dec-73,10,Dec,1973,1973,12
124,Jan-74,16,Jan,1974,1974,1
289,Feb-74,3,Feb,1974,1974,2
454,Mar-74,8,Mar,1974,1974,3
619,Apr-74,12,Apr,1974,1974,4
784,May-74,11,May,1974,1974,5
949,Jun-74,14,Jun,1974,1974,6
1114,Jul-74,9,Jul,1974,1974,7
1279,Aug-74,7,Aug,1974,1974,8
1444,Sep-74,13,Sep,1974,1974,9
1609,Oct-74,21,Oct,1974,1974,10
1774,Nov-74,48,Nov,1974,1974,11
1939,Dec-74,85,Dec,1974,1974,12
125,Jan-75,112,Jan,1975,1975,1
290,Feb-75,71,Feb,1975,1975,2
455,Mar-75,72,Mar,1975,1975,3
620,Apr-75,68,Apr,1975,1975,4
785,May-75,68,May,1975,1975,5
950,Jun-75,59,Jun,1975,1975,6
1115,Jul-75,54,Jul,1975,1975,7
1280,Aug-75,39,Aug,1975,1975,8
1445,Sep-75,39,Sep,1975,1975,9
1610,Oct-75,44,Oct,1975,1975,10
1775,Nov-75,65,Nov,1975,1975,11
1940,Dec-75,53,Dec,1975,1975,12
126,Jan-76,37,Jan,1976,1976,1
291,Feb-76,36,Feb,1976,1976,2
456,Mar-76,29,Mar,1976,1976,3
621,Apr-76,10,Apr,1976,1976,4
786,May-76,13,May,1976,1976,5
951,Jun-76,19,Jun,1976,1976,6
1116,Jul-76,27,Jul,1976,1976,7
1281,Aug-76,17,Aug,1976,1976,8
1446,Sep-76,27,Sep,1976,1976,9
1611,Oct-76,23,Oct,1976,1976,10
1776,Nov-76,22,Nov,1976,1976,11
1941,Dec-76,41,Dec,1976,1976,12
127,Jan-77,49,Jan,1977,1977,1
292,Feb-77,28,Feb,1977,1977,2
457,Mar-77,29,Mar,1977,1977,3
622,Apr-77,16,Apr,1977,1977,4
787,May-77,20,May,1977,1977,5
952,Jun-77,14,Jun,1977,1977,6
1117,Jul-77,12,Jul,1977,1977,7
1282,Aug-77,13,Aug,1977,1977,8
1447,Sep-77,22,Sep,1977,1977,9
1612,Oct-77,28,Oct,1977,1977,10
1777,Nov-77,17,Nov,1977,1977,11
1942,Dec-77,28,Dec,1977,1977,12
128,Jan-78,43,Jan,1978,1978,1
293,Feb-78,28,Feb,1978,1978,2
458,Mar-78,19,Mar,1978,1978,3
623,Apr-78,30,Apr,1978,1978,4
788,May-78,25,May,1978,1978,5
953,Jun-78,32,Jun,1978,1978,6
1118,Jul-78,16,Jul,1978,1978,7
1283,Aug-78,7,Aug,1978,1978,8
1448,Sep-78,0,Sep,1978,1978,9
1613,Oct-78,0,Oct,1978,1978,10
1778,Nov-78,27,Nov,1978,1978,11
1943,Dec-78,42,Dec,1978,1978,12
129,Jan-79,44,Jan,1979,1979,1
294,Feb-79,15,Feb,1979,1979,2
459,Mar-79,31,Mar,1979,1979,3
624,Apr-79,20,Apr,1979,1979,4
789,May-79,13,May,1979,1979,5
954,Jun-79,17,Jun,1979,1979,6
1119,Jul-79,8,Jul,1979,1979,7
1284,Aug-79,15,Aug,1979,1979,8
1449,Sep-79,29,Sep,1979,1979,9
1614,Oct-79,24,Oct,1979,1979,10
1779,Nov-79,34,Nov,1979,1979,11
1944,Dec-79,22,Dec,1979,1979,12
130,Jan-80,32,Jan,1980,1980,1
295,Feb-80,37,Feb,1980,1980,2
460,Mar-80,30,Mar,1980,1980,3
625,Apr-80,19,Apr,1980,1980,4
790,May-80,19,May,1980,1980,5
955,Jun-80,65,Jun,1980,1980,6
1120,Jul-80,44,Jul,1980,1980,7
1285,Aug-80,45,Aug,1980,1980,8
1450,Sep-80,35,Sep,1980,1980,9
1615,Oct-80,37,Oct,1980,1980,10
1780,Nov-80,63,Nov,1980,1980,11
1945,Dec-80,31,Dec,1980,1980,12
131,Jan-81,41,Jan,1981,1981,1
296,Feb-81,31,Feb,1981,1981,2
461,Mar-81,24,Mar,1981,1981,3
626,Apr-81,22,Apr,1981,1981,4
791,May-81,32,May,1981,1981,5
956,Jun-81,24,Jun,1981,1981,6
1121,Jul-81,23,Jul,1981,1981,7
1286,Aug-81,33,Aug,1981,1981,8
1451,Sep-81,92,Sep,1981,1981,9
1616,Oct-81,51,Oct,1981,1981,10
1781,Nov-81,60,Nov,1981,1981,11
1946,Dec-81,50,Dec,1981,1981,12
132,Jan-82,46,Jan,1982,1982,1
297,Feb-82,55,Feb,1982,1982,2
462,Mar-82,51,Mar,1982,1982,3
627,Apr-82,64,Apr,1982,1982,4
792,May-82,62,May,1982,1982,5
957,Jun-82,41,Jun,1982,1982,6
1122,Jul-82,35,Jul,1982,1982,7
1287,Aug-82,46,Aug,1982,1982,8
1452,Sep-82,41,Sep,1982,1982,9
1617,Oct-82,50,Oct,1982,1982,10
1782,Nov-82,62,Nov,1982,1982,11
1947,Dec-82,70,Dec,1982,1982,12
133,Jan-83,99,Jan,1983,1983,1
298,Feb-83,44,Feb,1983,1983,2
463,Mar-83,26,Mar,1983,1983,3
628,Apr-83,29,Apr,1983,1983,4
793,May-83,51,May,1983,1983,5
958,Jun-83,34,Jun,1983,1983,6
1123,Jul-83,45,Jul,1983,1983,7
1288,Aug-83,31,Aug,1983,1983,8
1453,Sep-83,36,Sep,1983,1983,9
1618,Oct-83,49,Oct,1983,1983,10
1783,Nov-83,66,Nov,1983,1983,11
1948,Dec-83,51,Dec,1983,1983,12
134,Jan-84,63,Jan,1984,1984,1
299,Feb-84,80,Feb,1984,1984,2
464,Mar-84,55,Mar,1984,1984,3
629,Apr-84,44,Apr,1984,1984,4
794,May-84,50,May,1984,1984,5
959,Jun-84,66,Jun,1984,1984,6
1124,Jul-84,45,Jul,1984,1984,7
1289,Aug-84,64,Aug,1984,1984,8
1454,Sep-84,82,Sep,1984,1984,9
1619,Oct-84,68,Oct,1984,1984,10
1784,Nov-84,105,Nov,1984,1984,11
1949,Dec-84,71,Dec,1984,1984,12
135,Jan-85,84,Jan,1985,1985,1
300,Feb-85,73,Feb,1985,1985,2
465,Mar-85,60,Mar,1985,1985,3
630,Apr-85,49,Apr,1985,1985,4
795,May-85,73,May,1985,1985,5
960,Jun-85,51,Jun,1985,1985,6
1125,Jul-85,54,Jul,1985,1985,7
1290,Aug-85,46,Aug,1985,1985,8
1455,Sep-85,64,Sep,1985,1985,9
1620,Oct-85,87,Oct,1985,1985,10
1785,Nov-85,57,Nov,1985,1985,11
1950,Dec-85,75,Dec,1985,1985,12
136,Jan-86,66,Jan,1986,1986,1
301,Feb-86,73,Feb,1986,1986,2
466,Mar-86,45,Mar,1986,1986,3
631,Apr-86,40,Apr,1986,1986,4
796,May-86,49,May,1986,1986,5
961,Jun-86,38,Jun,1986,1986,6
1126,Jul-86,46,Jul,1986,1986,7
1291,Aug-86,41,Aug,1986,1986,8
1456,Sep-86,59,Sep,1986,1986,9
1621,Oct-86,49,Oct,1986,1986,10
1786,Nov-86,55,Nov,1986,1986,11
1951,Dec-86,56,Dec,1986,1986,12
137,Jan-87,72,Jan,1987,1987,1
302,Feb-87,48,Feb,1987,1987,2
467,Mar-87,50,Mar,1987,1987,3
632,Apr-87,45,Apr,1987,1987,4
797,May-87,47,May,1987,1987,5
962,Jun-87,61,Jun,1987,1987,6
1127,Jul-87,24,Jul,1987,1987,7
1292,Aug-87,45,Aug,1987,1987,8
1457,Sep-87,60,Sep,1987,1987,9
1622,Oct-87,134,Oct,1987,1987,10
1787,Nov-87,191,Nov,1987,1987,11
1952,Dec-87,72,Dec,1987,1987,12
138,Jan-88,58,Jan,1988,1988,1
303,Feb-88,51,Feb,1988,1988,2
468,Mar-88,47,Mar,1988,1988,3
633,Apr-88,32,Apr,1988,1988,4
798,May-88,56,May,1988,1988,5
963,Jun-88,57,Jun,1988,1988,6
1128,Jul-88,36,Jul,1988,1988,7
1293,Aug-88,56,Aug,1988,1988,8
1458,Sep-88,66,Sep,1988,1988,9
1623,Oct-88,84,Oct,1988,1988,10
1788,Nov-88,130,Nov,1988,1988,11
1953,Dec-88,112,Dec,1988,1988,12
139,Jan-89,118,Jan,1989,1989,1
304,Feb-89,81,Feb,1989,1989,2
469,Mar-89,56,Mar,1989,1989,3
634,Apr-89,62,Apr,1989,1989,4
799,May-89,50,May,1989,1989,5
964,Jun-89,40,Jun,1989,1989,6
1129,Jul-89,41,Jul,1989,1989,7
1294,Aug-89,31,Aug,1989,1989,8
1459,Sep-89,43,Sep,1989,1989,9
1624,Oct-89,75,Oct,1989,1989,10
1789,Nov-89,61,Nov,1989,1989,11
1954,Dec-89,45,Dec,1989,1989,12
140,Jan-90,67,Jan,1990,1990,1
305,Feb-90,44,Feb,1990,1990,2
470,Mar-90,43,Mar,1990,1990,3
635,Apr-90,49,Apr,1990,1990,4
800,May-90,76,May,1990,1990,5
965,Jun-90,47,Jun,1990,1990,6
1130,Jul-90,69,Jul,1990,1990,7
1295,Aug-90,56,Aug,1990,1990,8
1460,Sep-90,74,Sep,1990,1990,9
1625,Oct-90,119,Oct,1990,1990,10
1790,Nov-90,58,Nov,1990,1990,11
1955,Dec-90,37,Dec,1990,1990,12
141,Jan-91,59,Jan,1991,1991,1
306,Feb-91,38,Feb,1991,1991,2
471,Mar-91,38,Mar,1991,1991,3
636,Apr-91,42,Apr,1991,1991,4
801,May-91,39,May,1991,1991,5
966,Jun-91,27,Jun,1991,1991,6
1131,Jul-91,33,Jul,1991,1991,7
1296,Aug-91,34,Aug,1991,1991,8
1461,Sep-91,32,Sep,1991,1991,9
1626,Oct-91,45,Oct,1991,1991,10
1791,Nov-91,54,Nov,1991,1991,11
1956,Dec-91,51,Dec,1991,1991,12
142,Jan-92,41,Jan,1992,1992,1
307,Feb-92,30,Feb,1992,1992,2
472,Mar-92,65,Mar,1992,1992,3
637,Apr-92,45,Apr,1992,1992,4
802,May-92,43,May,1992,1992,5
967,Jun-92,54,Jun,1992,1992,6
1132,Jul-92,64,Jul,1992,1992,7
1297,Aug-92,58,Aug,1992,1992,8
1462,Sep-92,76,Sep,1992,1992,9
1627,Oct-92,77,Oct,1992,1992,10
1792,Nov-92,61,Nov,1992,1992,11
1957,Dec-92,49,Dec,1992,1992,12
143,Jan-93,81,Jan,1993,1993,1
308,Feb-93,94,Feb,1993,1993,2
473,Mar-93,44,Mar,1993,1993,3
638,Apr-93,49,Apr,1993,1993,4
803,May-93,65,May,1993,1993,5
968,Jun-93,61,Jun,1993,1993,6
1133,Jul-93,42,Jul,1993,1993,7
1298,Aug-93,41,Aug,1993,1993,8
1463,Sep-93,38,Sep,1993,1993,9
1628,Oct-93,38,Oct,1993,1993,10
1793,Nov-93,30,Nov,1993,1993,11
1958,Dec-93,32,Dec,1993,1993,12
144,Jan-94,40,Jan,1994,1994,1
309,Feb-94,29,Feb,1994,1994,2
474,Mar-94,31,Mar,1994,1994,3
639,Apr-94,29,Apr,1994,1994,4
804,May-94,16,May,1994,1994,5
969,Jun-94,17,Jun,1994,1994,6
1134,Jul-94,13,Jul,1994,1994,7
1299,Aug-94,22,Aug,1994,1994,8
1464,Sep-94,21,Sep,1994,1994,9
1629,Oct-94,34,Oct,1994,1994,10
1794,Nov-94,53,Nov,1994,1994,11
1959,Dec-94,47,Dec,1994,1994,12
145,Jan-95,47,Jan,1995,1995,1
310,Feb-95,49,Feb,1995,1995,2
475,Mar-95,47,Mar,1995,1995,3
640,Apr-95,37,Apr,1995,1995,4
805,May-95,38,May,1995,1995,5
970,Jun-95,29,Jun,1995,1995,6
1135,Jul-95,10,Jul,1995,1995,7
1300,Aug-95,21,Aug,1995,1995,8
1465,Sep-95,25,Sep,1995,1995,9
1630,Oct-95,46,Oct,1995,1995,10
1795,Nov-95,53,Nov,1995,1995,11
1960,Dec-95,39,Dec,1995,1995,12
146,Jan-96,55,Jan,1996,1996,1
311,Feb-96,29,Feb,1996,1996,2
476,Mar-96,25,Mar,1996,1996,3
641,Apr-96,19,Apr,1996,1996,4
806,May-96,34,May,1996,1996,5
971,Jun-96,22,Jun,1996,1996,6
1136,Jul-96,35,Jul,1996,1996,7
1301,Aug-96,34,Aug,1996,1996,8
1466,Sep-96,23,Sep,1996,1996,9
1631,Oct-96,25,Oct,1996,1996,10
1796,Nov-96,21,Nov,1996,1996,11
1961,Dec-96,20,Dec,1996,1996,12
147,Jan-97,24,Jan,1997,1997,1
312,Feb-97,21,Feb,1997,1997,2
477,Mar-97,14,Mar,1997,1997,3
642,Apr-97,19,Apr,1997,1997,4
807,May-97,24,May,1997,1997,5
972,Jun-97,39,Jun,1997,1997,6
1137,Jul-97,32,Jul,1997,1997,7
1302,Aug-97,10,Aug,1997,1997,8
1467,Sep-97,9,Sep,1997,1997,9
1632,Oct-97,15,Oct,1997,1997,10
1797,Nov-97,18,Nov,1997,1997,11
1962,Dec-97,18,Dec,1997,1997,12
148,Jan-98,44,Jan,1998,1998,1
313,Feb-98,26,Feb,1998,1998,2
478,Mar-98,21,Mar,1998,1998,3
643,Apr-98,15,Apr,1998,1998,4
808,May-98,20,May,1998,1998,5
973,Jun-98,29,Jun,1998,1998,6
1138,Jul-98,25,Jul,1998,1998,7
1303,Aug-98,20,Aug,1998,1998,8
1468,Sep-98,22,Sep,1998,1998,9
1633,Oct-98,29,Oct,1998,1998,10
1798,Nov-98,18,Nov,1998,1998,11
1963,Dec-98,19,Dec,1998,1998,12
149,Jan-99,47,Jan,1999,1999,1
314,Feb-99,27,Feb,1999,1999,2
479,Mar-99,34,Mar,1999,1999,3
644,Apr-99,22,Apr,1999,1999,4
809,May-99,18,May,1999,1999,5
974,Jun-99,21,Jun,1999,1999,6
1139,Jul-99,49,Jul,1999,1999,7
1304,Aug-99,34,Aug,1999,1999,8
1469,Sep-99,17,Sep,1999,1999,9
1634,Oct-99,25,Oct,1999,1999,10
1799,Nov-99,19,Nov,1999,1999,11
1964,Dec-99,21,Dec,1999,1999,12
150,Jan-00,40,Jan,2000,2000,1
315,Feb-00,42,Feb,2000,2000,2
480,Mar-00,25,Mar,2000,2000,3
645,Apr-00,28,Apr,2000,2000,4
810,May-00,26,May,2000,2000,5
975,Jun-00,24,Jun,2000,2000,6
1140,Jul-00,30,Jul,2000,2000,7
1305,Aug-00,31,Aug,2000,2000,8
1470,Sep-00,28,Sep,2000,2000,9
1635,Oct-00,55,Oct,2000,2000,10
1800,Nov-00,25,Nov,2000,2000,11
1965,Dec-00,21,Dec,2000,2000,12
151,Jan-01,25,Jan,2001,2001,1
316,Feb-01,29,Feb,2001,2001,2
481,Mar-01,36,Mar,2001,2001,3
646,Apr-01,22,Apr,2001,2001,4
811,May-01,19,May,2001,2001,5
976,Jun-01,18,Jun,2001,2001,6
1141,Jul-01,25,Jul,2001,2001,7
1306,Aug-01,25,Aug,2001,2001,8
1471,Sep-01,28,Sep,2001,2001,9
1636,Oct-01,32,Oct,2001,2001,10
1801,Nov-01,54,Nov,2001,2001,11
1966,Dec-01,39,Dec,2001,2001,12
152,Jan-02,70,Jan,2002,2002,1
317,Feb-02,55,Feb,2002,2002,2
482,Mar-02,51,Mar,2002,2002,3
647,Apr-02,38,Apr,2002,2002,4
812,May-02,38,May,2002,2002,5
977,Jun-02,39,Jun,2002,2002,6
1142,Jul-02,35,Jul,2002,2002,7
1307,Aug-02,32,Aug,2002,2002,8
1472,Sep-02,35,Sep,2002,2002,9
1637,Oct-02,47,Oct,2002,2002,10
1802,Nov-02,47,Nov,2002,2002,11
1967,Dec-02,47,Dec,2002,2002,12
153,Jan-03,64,Jan,2003,2003,1
318,Feb-03,51,Feb,2003,2003,2
483,Mar-03,63,Mar,2003,2003,3
648,Apr-03,52,Apr,2003,2003,4
813,May-03,62,May,2003,2003,5
978,Jun-03,39,Jun,2003,2003,6
1143,Jul-03,51,Jul,2003,2003,7
1308,Aug-03,40,Aug,2003,2003,8
1473,Sep-03,42,Sep,2003,2003,9
1638,Oct-03,37,Oct,2003,2003,10
1803,Nov-03,35,Nov,2003,2003,11
1968,Dec-03,24,Dec,2003,2003,12
154,Jan-04,72,Jan,2004,2004,1
319,Feb-04,53,Feb,2004,2004,2
484,Mar-04,34,Mar,2004,2004,3
649,Apr-04,20,Apr,2004,2004,4
814,May-04,21,May,2004,2004,5
979,Jun-04,17,Jun,2004,2004,6
1144,Jul-04,30,Jul,2004,2004,7
1309,Aug-04,27,Aug,2004,2004,8
1474,Sep-04,37,Sep,2004,2004,9
1639,Oct-04,37,Oct,2004,2004,10
1804,Nov-04,47,Nov,2004,2004,11
1969,Dec-04,44,Dec,2004,2004,12
155,Jan-05,59,Jan,2005,2005,1
320,Feb-05,38,Feb,2005,2005,2
485,Mar-05,26,Mar,2005,2005,3
650,Apr-05,18,Apr,2005,2005,4
815,May-05,23,May,2005,2005,5
980,Jun-05,25,Jun,2005,2005,6
1145,Jul-05,20,Jul,2005,2005,7
1310,Aug-05,19,Aug,2005,2005,8
1475,Sep-05,12,Sep,2005,2005,9
1640,Oct-05,25,Oct,2005,2005,10
1805,Nov-05,36,Nov,2005,2005,11
1970,Dec-05,18,Dec,2005,2005,12
156,Jan-06,24,Jan,2006,2006,1
321,Feb-06,25,Feb,2006,2006,2
486,Mar-06,21,Mar,2006,2006,3
651,Apr-06,33,Apr,2006,2006,4
816,May-06,21,May,2006,2006,5
981,Jun-06,37,Jun,2006,2006,6
1146,Jul-06,41,Jul,2006,2006,7
1311,Aug-06,19,Aug,2006,2006,8
1476,Sep-06,22,Sep,2006,2006,9
1641,Oct-06,25,Oct,2006,2006,10
1806,Nov-06,23,Nov,2006,2006,11
1971,Dec-06,20,Dec,2006,2006,12
157,Jan-07,23,Jan,2007,2007,1
322,Feb-07,11,Feb,2007,2007,2
487,Mar-07,13,Mar,2007,2007,3
652,Apr-07,31,Apr,2007,2007,4
817,May-07,12,May,2007,2007,5
982,Jun-07,19,Jun,2007,2007,6
1147,Jul-07,11,Jul,2007,2007,7
1312,Aug-07,10,Aug,2007,2007,8
1477,Sep-07,18,Sep,2007,2007,9
1642,Oct-07,30,Oct,2007,2007,10
1807,Nov-07,27,Nov,2007,2007,11
1972,Dec-07,22,Dec,2007,2007,12
158,Jan-08,48,Jan,2008,2008,1
323,Feb-08,20,Feb,2008,2008,2
488,Mar-08,24,Mar,2008,2008,3
653,Apr-08,17,Apr,2008,2008,4
818,May-08,23,May,2008,2008,5
983,Jun-08,18,Jun,2008,2008,6
1148,Jul-08,43,Jul,2008,2008,7
1313,Aug-08,35,Aug,2008,2008,8
1478,Sep-08,59,Sep,2008,2008,9
1643,Oct-08,92,Oct,2008,2008,10
1808,Nov-08,77,Nov,2008,2008,11
1973,Dec-08,65,Dec,2008,2008,12
159,Jan-09,83,Jan,2009,2009,1
324,Feb-09,109,Feb,2009,2009,2
489,Mar-09,112,Mar,2009,2009,3
654,Apr-09,63,Apr,2009,2009,4
819,May-09,65,May,2009,2009,5
984,Jun-09,75,Jun,2009,2009,6
1149,Jul-09,56,Jul,2009,2009,7
1314,Aug-09,49,Aug,2009,2009,8
1479,Sep-09,57,Sep,2009,2009,9
1644,Oct-09,83,Oct,2009,2009,10
1809,Nov-09,93,Nov,2009,2009,11
1974,Dec-09,84,Dec,2009,2009,12
160,Jan-10,76,Jan,2010,2010,1
325,Feb-10,111,Feb,2010,2010,2
490,Mar-10,139,Mar,2010,2010,3
655,Apr-10,102,Apr,2010,2010,4
820,May-10,130,May,2010,2010,5
985,Jun-10,101,Jun,2010,2010,6
1150,Jul-10,109,Jul,2010,2010,7
1315,Aug-10,79,Aug,2010,2010,8
1480,Sep-10,76,Sep,2010,2010,9
1645,Oct-10,92,Oct,2010,2010,10
1810,Nov-10,139,Nov,2010,2010,11
1975,Dec-10,93,Dec,2010,2010,12
161,Jan-11,103,Jan,2011,2011,1
326,Feb-11,80,Feb,2011,2011,2
491,Mar-11,71,Mar,2011,2011,3
656,Apr-11,122,Apr,2011,2011,4
821,May-11,84,May,2011,2011,5
986,Jun-11,99,Jun,2011,2011,6
1151,Jul-11,138,Jul,2011,2011,7
1316,Aug-11,138,Aug,2011,2011,8
1481,Sep-11,97,Sep,2011,2011,9
1646,Oct-11,86,Oct,2011,2011,10
1811,Nov-11,102,Nov,2011,2011,11
1976,Dec-11,76,Dec,2011,2011,12
162,Jan-12,102,Jan,2012,2012,1
327,Feb-12,95,Feb,2012,2012,2
492,Mar-12,79,Mar,2012,2012,3
657,Apr-12,83,Apr,2012,2012,4
822,May-12,97,May,2012,2012,5
987,Jun-12,100,Jun,2012,2012,6
1152,Jul-12,83,Jul,2012,2012,7
1317,Aug-12,101,Aug,2012,2012,8
1482,Sep-12,79,Sep,2012,2012,9
1647,Oct-12,131,Oct,2012,2012,10
1812,Nov-12,230,Nov,2012,2012,11
1977,Dec-12,208,Dec,2012,2012,12
163,Jan-13,186,Jan,2013,2013,1
328,Feb-13,86,Feb,2013,2013,2
493,Mar-13,73,Mar,2013,2013,3
658,Apr-13,55,Apr,2013,2013,4
823,May-13,53,May,2013,2013,5
988,Jun-13,55,Jun,2013,2013,6
1153,Jul-13,33,Jul,2013,2013,7
1318,Aug-13,32,Aug,2013,2013,8
1483,Sep-13,41,Sep,2013,2013,9
1648,Oct-13,79,Oct,2013,2013,10
1813,Nov-13,18,Nov,2013,2013,11
1978,Dec-13,35,Dec,2013,2013,12
164,Jan-14,22,Jan,2014,2014,1
329,Feb-14,36,Feb,2014,2014,2
494,Mar-14,21,Mar,2014,2014,3
659,Apr-14,29,Apr,2014,2014,4
824,May-14,22,May,2014,2014,5
989,Jun-14,23,Jun,2014,2014,6
1154,Jul-14,23,Jul,2014,2014,7
1319,Aug-14,12,Aug,2014,2014,8
1484,Sep-14,25,Sep,2014,2014,9
1649,Oct-14,41,Oct,2014,2014,10
1814,Nov-14,38,Nov,2014,2014,11
1979,Dec-14,28,Dec,2014,2014,12
165,Jan-15,34,Jan,2015,2015,1
